timestamp,adjclose,open,close,high,low,volume,Symbol
4/21/2021 0:00,60.39871216,54.44488525,60.39871216,60.39871216,21.85143852,121986792,FORTH-USD
4/22/2021 0:00,39.41304779,60.39856339,39.41304779,71.37012482,35.98348999,314837927,FORTH-USD
4/23/2021 0:00,45.32699966,39.41465759,45.32699966,56.37152863,31.17314339,324581711,FORTH-USD
4/24/2021 0:00,38.13667297,45.20719528,38.13667297,45.20719528,36.90546036,124618124,FORTH-USD
4/25/2021 0:00,33.69950867,38.07824707,33.69950867,38.37585831,32.17216873,69976963,FORTH-USD
4/26/2021 0:00,36.05602646,33.83257294,36.05602646,37.79925156,33.710495,58679495,FORTH-USD
4/27/2021 0:00,34.95807648,35.93725586,34.95807648,38.92505646,34.52566147,61384525,FORTH-USD
4/28/2021 0:00,33.46055222,34.92528534,33.46055222,36.28594971,31.90610886,80076258,FORTH-USD
4/29/2021 0:00,36.40665436,33.45805359,36.40665436,37.23162079,32.40845108,66683822,FORTH-USD
4/30/2021 0:00,43.72733307,36.42900467,43.72733307,47.71626663,36.32374191,174444955,FORTH-USD
5/1/2021 0:00,41.45817566,43.74100876,41.45817566,43.74100876,40.37451935,53787841,FORTH-USD
5/2/2021 0:00,43.87362289,41.32145309,43.87362289,46.36439514,40.91670609,57620243,FORTH-USD
5/3/2021 0:00,42.00939941,43.61677933,42.00939941,46.867733,41.3359108,73573498,FORTH-USD
5/4/2021 0:00,37.11000443,41.97106171,37.11000443,42.26557159,37.00556946,56150643,FORTH-USD
5/5/2021 0:00,37.56448364,37.09912872,37.56448364,40.22872925,36.93780518,55538862,FORTH-USD
5/6/2021 0:00,35.39372253,37.55693817,35.39372253,37.98710632,35.22461319,57565071,FORTH-USD
5/7/2021 0:00,35.9511261,35.50196838,35.9511261,41.60017014,34.56218338,62462524,FORTH-USD
5/8/2021 0:00,36.4463501,36.09579086,36.4463501,37.91418076,35.71972275,37106630,FORTH-USD
5/9/2021 0:00,35.95884323,36.34806442,35.95884323,39.68700409,34.23230743,51727199,FORTH-USD
5/10/2021 0:00,32.4354248,35.82822418,32.4354248,38.80769348,31.33282471,54106184,FORTH-USD
5/11/2021 0:00,33.19347763,32.54080963,33.19347763,37.05423355,30.15411186,58148453,FORTH-USD
5/12/2021 0:00,28.0363884,33.21382141,28.0363884,34.89925766,28.0363884,42643898,FORTH-USD
5/13/2021 0:00,30.22212029,27.69416809,30.22212029,31.63936996,27.63680267,46925729,FORTH-USD
5/14/2021 0:00,30.6517868,30.21586609,30.6517868,33.08481979,30.00666046,37442965,FORTH-USD
5/15/2021 0:00,29.28427315,30.70733833,29.28427315,30.85640144,28.39442444,32714212,FORTH-USD
5/16/2021 0:00,29.71795845,29.27427101,29.71795845,35.92284012,27.98098564,55596480,FORTH-USD
5/17/2021 0:00,30.70418167,29.77867508,30.70418167,32.95458603,28.05892754,57266325,FORTH-USD
5/18/2021 0:00,28.93191147,30.56743431,28.93191147,31.02312851,28.7323761,33309030,FORTH-USD
5/19/2021 0:00,19.69738197,28.92147446,19.69738197,29.14749146,14.36755276,44906794,FORTH-USD
5/20/2021 0:00,21.5223732,19.29413033,21.5223732,24.72787285,17.07720375,47742321,FORTH-USD
5/21/2021 0:00,19.60329247,21.36122322,19.60329247,22.5644455,18.01875305,28001540,FORTH-USD
5/22/2021 0:00,19.15273666,19.5827713,19.15273666,20.24187088,18.02420616,22990923,FORTH-USD
5/23/2021 0:00,15.98750401,19.08548164,15.98750401,19.16419029,14.02934456,21491600,FORTH-USD
5/24/2021 0:00,19.07607651,15.98740196,19.07607651,19.74582481,15.16325569,22173617,FORTH-USD
5/25/2021 0:00,18.1070652,19.07708168,18.1070652,19.87937546,16.74980927,15590211,FORTH-USD
5/26/2021 0:00,19.75834846,18.03786087,19.75834846,20.80046272,17.90609932,23889631,FORTH-USD
5/27/2021 0:00,23.20726967,19.71180153,23.20726967,25.73637581,18.14775658,46041207,FORTH-USD
5/28/2021 0:00,19.32570267,23.20603371,19.32570267,24.77199554,18.44810104,29422660,FORTH-USD
5/29/2021 0:00,22.51197052,19.42642212,22.51197052,26.88112068,19.12465286,61519307,FORTH-USD
5/30/2021 0:00,22.02565956,22.87246513,22.02565956,22.87246513,20.40970612,30298499,FORTH-USD
5/31/2021 0:00,23.51103592,21.98207664,23.51103592,24.23512459,20.51517487,23726411,FORTH-USD
6/1/2021 0:00,21.96162224,23.56698608,21.96162224,23.69825745,21.62153625,14864452,FORTH-USD
6/2/2021 0:00,21.85009384,21.97063255,21.85009384,22.58567619,21.46765327,14228869,FORTH-USD
6/3/2021 0:00,22.26042938,21.84710884,22.26042938,22.95201874,21.73302269,16363797,FORTH-USD
6/4/2021 0:00,20.59101295,22.24458313,20.59101295,22.24458313,19.6583252,16136801,FORTH-USD
6/5/2021 0:00,19.96004105,20.58815384,19.96004105,21.69241333,19.80717278,14440710,FORTH-USD
6/6/2021 0:00,19.94954109,19.95529556,19.94954109,20.43414307,19.90467453,10841141,FORTH-USD
6/7/2021 0:00,17.52044296,19.94985962,17.52044296,20.49854469,17.51914787,11137608,FORTH-USD
6/8/2021 0:00,17.82540894,17.52196121,17.82540894,18.89431953,16.01883316,16997326,FORTH-USD
6/9/2021 0:00,17.67809105,17.80912781,17.67809105,18.87423706,16.56274223,13664427,FORTH-USD
6/10/2021 0:00,16.48643684,17.68849373,16.48643684,20.54110336,16.22488022,25198427,FORTH-USD
6/11/2021 0:00,14.73365211,16.51239777,14.73365211,16.87991524,14.68378639,14786680,FORTH-USD
6/12/2021 0:00,15.72949886,14.82954979,15.72949886,18.28863716,14.03938389,24891171,FORTH-USD
6/13/2021 0:00,16.38677025,15.7280817,16.38677025,16.93637276,15.49295998,11249022,FORTH-USD
6/14/2021 0:00,16.79974937,16.38674736,16.79974937,17.28288841,16.23205566,10703559,FORTH-USD
6/15/2021 0:00,16.8866806,16.83255577,16.8866806,17.16209793,16.25666046,9961366,FORTH-USD
6/16/2021 0:00,16.03702927,16.41048813,16.03702927,18.20846748,15.84384155,18026398,FORTH-USD
6/17/2021 0:00,16.14522552,16.00328827,16.14522552,17.40443611,15.85901642,10380690,FORTH-USD
6/18/2021 0:00,14.98120785,16.14626694,14.98120785,16.20973587,14.6042347,9197709,FORTH-USD
6/19/2021 0:00,15.13799,14.98192596,15.13799,17.04356575,14.3392334,16842187,FORTH-USD
6/20/2021 0:00,15.04910374,15.13603783,15.04910374,15.55574512,14.04041195,11813655,FORTH-USD
6/21/2021 0:00,11.39469624,15.04842186,11.39469624,15.04842186,11.33026028,11271810,FORTH-USD
6/22/2021 0:00,10.71057129,11.37740707,10.71057129,12.26535034,9.643543243,13700680,FORTH-USD
6/23/2021 0:00,11.89556313,10.71123028,11.89556313,12.46194077,10.28377342,12049441,FORTH-USD
6/24/2021 0:00,11.63671017,11.5269413,11.63671017,12.57992077,11.05356979,10155359,FORTH-USD
6/25/2021 0:00,10.35459614,11.63735867,10.35459614,11.84380913,10.23957729,7459829,FORTH-USD
6/26/2021 0:00,13.27011585,10.35391045,13.27011585,17.15010071,9.71282959,74470321,FORTH-USD
6/27/2021 0:00,19.06823158,13.33200455,19.06823158,24.46640205,12.77436447,226877950,FORTH-USD
6/28/2021 0:00,16.94174194,19.02527428,16.94174194,19.14463615,16.05322266,56757051,FORTH-USD
6/29/2021 0:00,16.41225624,17.19278526,16.41225624,17.93299103,16.40371704,25441716,FORTH-USD
6/30/2021 0:00,15.49257946,16.42700958,15.49257946,16.57690811,14.49514484,16706165,FORTH-USD
7/1/2021 0:00,14.18863964,15.50088024,14.18863964,15.5499382,13.58124542,22239321,FORTH-USD
7/2/2021 0:00,17.93348694,14.1866703,17.93348694,19.81163025,13.65304375,114622254,FORTH-USD
7/3/2021 0:00,17.06623268,18.08563614,17.06623268,18.73406792,16.85751152,42075237,FORTH-USD
7/4/2021 0:00,16.92100525,17.06548119,16.92100525,17.69455719,16.5757122,24716027,FORTH-USD
7/5/2021 0:00,16.24869728,16.91307068,16.24869728,16.91307068,16.0245018,19249689,FORTH-USD
7/6/2021 0:00,16.48065948,16.24791527,16.48065948,17.39897346,16.08167267,19378483,FORTH-USD
7/7/2021 0:00,17.9324646,16.45497322,17.9324646,19.73618889,16.26379395,50330496,FORTH-USD
7/8/2021 0:00,18.64023209,17.8868866,18.64023209,23.43009758,17.5991497,116899370,FORTH-USD
7/9/2021 0:00,18.39075851,18.52691269,18.39075851,19.78137207,17.40764618,44094223,FORTH-USD
7/10/2021 0:00,19.59482574,18.32647705,19.59482574,20.8444519,18.27836227,42574263,FORTH-USD
7/11/2021 0:00,19.12223816,19.57036018,19.12223816,20.50536537,18.9665947,24772451,FORTH-USD
7/12/2021 0:00,18.17072868,19.12137604,18.17072868,19.25237083,17.61818314,23929241,FORTH-USD
7/13/2021 0:00,17.17502022,18.16347313,17.17502022,18.60835648,16.92122841,18858994,FORTH-USD
7/14/2021 0:00,17.33592033,17.17282677,17.33592033,17.78931808,16.1656208,17814631,FORTH-USD
7/15/2021 0:00,15.73227692,17.38631439,15.73227692,17.41521072,15.232481,20573555,FORTH-USD
7/16/2021 0:00,14.107728,15.74480247,14.107728,15.85273266,14.04707146,15845009,FORTH-USD
7/17/2021 0:00,15.48635864,14.10694027,15.48635864,16.98459053,13.50556469,32331272,FORTH-USD
7/18/2021 0:00,14.44662952,15.5113802,14.44662952,16.44236755,14.27110958,21811655,FORTH-USD
7/19/2021 0:00,13.62599754,14.4464016,13.62599754,14.80195045,13.36105442,12733585,FORTH-USD
7/20/2021 0:00,12.77281666,13.61387062,12.77281666,13.72809982,12.6980896,19446844,FORTH-USD
7/21/2021 0:00,13.84397125,12.77293301,13.84397125,14.33177376,12.60956097,18072939,FORTH-USD
7/22/2021 0:00,14.31503487,13.84594631,14.31503487,14.7651062,13.69015789,15820301,FORTH-USD
7/23/2021 0:00,15.75272942,14.35581112,15.75272942,17.13376427,14.33930588,46962792,FORTH-USD
7/24/2021 0:00,15.92439365,15.73541737,15.92439365,16.82286835,15.42879009,22376891,FORTH-USD
7/25/2021 0:00,16.46788216,15.91879845,16.46788216,16.55275726,15.3447628,16868618,FORTH-USD
7/26/2021 0:00,15.79160023,16.46878242,15.79160023,17.63919258,15.6662426,26099224,FORTH-USD
7/27/2021 0:00,16.30931473,15.66620445,16.30931473,16.72157478,14.97110844,21280906,FORTH-USD
7/28/2021 0:00,15.68758106,16.30932426,15.68758106,16.30932426,15.18433094,19769093,FORTH-USD
7/29/2021 0:00,15.502491,15.68803501,15.502491,15.74491596,15.05407524,14013087,FORTH-USD
7/30/2021 0:00,15.62442493,15.50157738,15.62442493,15.93797112,14.57296467,19032390,FORTH-USD
7/31/2021 0:00,15.77963448,15.68550205,15.77963448,16.13042068,15.30419731,14854774,FORTH-USD
8/1/2021 0:00,15.14509678,15.72656536,15.14509678,16.28574371,15.02801228,14519492,FORTH-USD
8/2/2021 0:00,15.04470539,15.14548492,15.04470539,15.37383842,14.78440475,12195175,FORTH-USD
8/3/2021 0:00,15.10917473,15.04399967,15.10917473,16.67795563,15.03533745,33632739,FORTH-USD
8/4/2021 0:00,15.40438843,15.11257267,15.40438843,15.8504467,14.95055389,14220670,FORTH-USD
8/5/2021 0:00,16.51996994,15.4249754,16.51996994,16.51996994,15.18212032,20281234,FORTH-USD
8/6/2021 0:00,17.14662361,16.44647789,17.14662361,18.59628868,15.94719696,49813395,FORTH-USD
8/7/2021 0:00,18.22851563,17.15129471,18.22851563,19.45564651,17.01613426,43386969,FORTH-USD
8/8/2021 0:00,16.79466057,18.22894096,16.79466057,18.22894096,16.79466057,19284562,FORTH-USD
8/9/2021 0:00,17.42044067,16.79644585,17.42044067,17.86004257,16.28606033,18328592,FORTH-USD
8/10/2021 0:00,17.6117382,17.37330055,17.6117382,18.35728455,17.11441994,19528579,FORTH-USD
8/11/2021 0:00,17.39837837,17.61219788,17.39837837,18.63093185,17.32091522,29169880,FORTH-USD
8/12/2021 0:00,16.51780319,17.37223053,16.51780319,18.19721413,16.12644005,20035178,FORTH-USD
8/13/2021 0:00,18.25021744,16.51764679,18.25021744,19.00420189,16.40725136,30972075,FORTH-USD
8/14/2021 0:00,17.93989754,18.33130836,17.93989754,18.71368217,17.36171722,22332085,FORTH-USD
8/15/2021 0:00,18.30940247,17.96229553,18.30940247,18.89642525,17.71051216,23808270,FORTH-USD
8/16/2021 0:00,18.68834305,18.29255295,18.68834305,20.35771561,18.06605339,39289989,FORTH-USD
8/17/2021 0:00,17.10000038,18.54314423,17.10000038,18.84625626,16.95667648,26016420,FORTH-USD
8/18/2021 0:00,16.3015995,17.09838676,16.3015995,17.62635612,16.11490631,19174005,FORTH-USD
8/19/2021 0:00,17.56760979,16.27083206,17.56760979,17.76087189,16.12649536,19656744,FORTH-USD
8/20/2021 0:00,17.79596138,17.60997963,17.79596138,17.99217796,17.37111664,14383691,FORTH-USD
8/21/2021 0:00,17.12339592,17.80129242,17.12339592,18.25587654,17.03683281,16121158,FORTH-USD
8/22/2021 0:00,17.36365891,17.08217812,17.36365891,17.88218689,16.96986961,12469591,FORTH-USD
8/23/2021 0:00,18.79855537,17.36385727,18.79855537,19.25505447,17.32139206,30507087,FORTH-USD
8/24/2021 0:00,17.64076614,18.81591225,17.64076614,19.8041935,17.63166428,29670312,FORTH-USD
8/25/2021 0:00,20.57476425,17.63218689,20.57476425,23.28998756,17.31958199,80655501,FORTH-USD
8/26/2021 0:00,19.27103233,20.62565422,19.27103233,21.93377113,18.15739441,41064768,FORTH-USD
8/27/2021 0:00,19.96723938,19.24233437,19.96723938,20.55508804,18.33220482,26632848,FORTH-USD
8/28/2021 0:00,19.1106739,20.06376457,19.1106739,20.06569862,18.8359642,19612544,FORTH-USD
8/29/2021 0:00,18.65136147,19.11112785,18.65136147,19.23789215,18.31320953,16734151,FORTH-USD
8/30/2021 0:00,17.7511692,18.67249107,17.7511692,19.02851105,17.64506912,17358849,FORTH-USD
8/31/2021 0:00,17.91867447,17.76926422,17.91867447,19.11525154,17.55951309,18155770,FORTH-USD
9/1/2021 0:00,18.34453964,17.92087364,18.34453964,18.47262001,17.21056175,15214105,FORTH-USD
9/2/2021 0:00,18.19446564,18.38358116,18.19446564,19.01012993,18.13750458,15893536,FORTH-USD
9/3/2021 0:00,18.20722961,18.19633675,18.20722961,18.69633675,17.85986328,15724842,FORTH-USD
9/4/2021 0:00,18.15196037,18.20702362,18.15196037,18.31238556,17.82091522,16544645,FORTH-USD
9/5/2021 0:00,18.87945938,18.13045311,18.87945938,19.2071228,17.84007263,26037859,FORTH-USD
9/6/2021 0:00,18.37148857,18.90699387,18.37148857,19.78938675,18.32092285,27134396,FORTH-USD
9/7/2021 0:00,15.32355881,18.3723774,15.32355881,18.7729969,14.7518177,28585669,FORTH-USD
9/8/2021 0:00,15.27543831,15.42505455,15.27543831,16.14950371,13.95942497,23575670,FORTH-USD
9/9/2021 0:00,15.99810028,15.16261959,15.99810028,16.30543518,14.87141323,26146752,FORTH-USD
9/10/2021 0:00,14.41676044,16.01687241,14.41676044,16.48090553,14.1137619,21148815,FORTH-USD
9/11/2021 0:00,14.57676697,14.35441971,14.57676697,15.39791584,14.34393215,11713430,FORTH-USD
9/12/2021 0:00,15.51363277,14.59470463,15.51363277,16.03847313,14.34424973,20253651,FORTH-USD
9/13/2021 0:00,14.52580547,15.48628235,14.52580547,15.56223583,13.81807518,16204142,FORTH-USD
9/14/2021 0:00,15.29931355,14.54293156,15.29931355,15.72148609,14.48861122,18225918,FORTH-USD
9/15/2021 0:00,15.79616737,15.23249054,15.79616737,15.82592106,14.81376743,17751966,FORTH-USD
9/16/2021 0:00,14.7659893,15.79817009,14.7659893,15.91790771,14.52161026,16729482,FORTH-USD
9/17/2021 0:00,14.51442719,14.74892616,14.51442719,14.97387791,14.18080425,15031812,FORTH-USD
9/18/2021 0:00,14.82440376,14.53405666,14.82440376,15.7359314,14.40727615,19314970,FORTH-USD
9/19/2021 0:00,14.9857502,14.81426334,14.9857502,18.49554634,14.52188778,69807590,FORTH-USD
9/20/2021 0:00,13.0549593,14.97795677,13.0549593,15.48445606,12.57419205,30875994,FORTH-USD
9/21/2021 0:00,12.24237728,13.17811489,12.24237728,13.69122982,11.95618534,17548498,FORTH-USD
9/22/2021 0:00,13.66027164,12.29699326,13.66027164,14.28882694,12.07519913,37781212,FORTH-USD
9/23/2021 0:00,13.91660309,13.67045689,13.91660309,14.51976776,13.48153496,27465994,FORTH-USD
9/24/2021 0:00,12.67951107,13.90810871,12.67951107,13.96713924,11.87413979,17940565,FORTH-USD
9/25/2021 0:00,12.74193001,12.67981815,12.74193001,13.56650543,12.10863972,26480473,FORTH-USD
9/26/2021 0:00,12.23044205,12.74192238,12.23044205,12.76181316,11.23660564,21404873,FORTH-USD
9/27/2021 0:00,12.03489113,12.23958397,12.03489113,12.81082439,11.94346142,11878740,FORTH-USD
9/28/2021 0:00,12.42566872,12.02567387,12.42566872,14.01654625,11.93648529,29105080,FORTH-USD
9/29/2021 0:00,12.31299305,12.56764984,12.31299305,13.28852177,12.08116913,15320632,FORTH-USD
9/30/2021 0:00,12.52375793,12.30336475,12.52375793,12.75900173,12.25567532,8916343,FORTH-USD
10/1/2021 0:00,13.29173374,12.52336216,13.29173374,13.81183243,12.42564392,11154175,FORTH-USD
10/2/2021 0:00,13.27628708,13.2925806,13.27628708,13.83563995,13.03410816,9735282,FORTH-USD
10/3/2021 0:00,13.33407211,13.26440716,13.33407211,13.81461811,13.11613369,9715834,FORTH-USD
10/4/2021 0:00,12.95957184,13.34278679,12.95957184,13.34335518,12.73053074,9010845,FORTH-USD
10/5/2021 0:00,13.68770313,12.99778748,13.68770313,14.5303154,12.96003342,13412356,FORTH-USD
10/6/2021 0:00,13.61755371,13.67776108,13.61755371,14.12575245,13.14322472,12477914,FORTH-USD
10/7/2021 0:00,13.85561466,13.59665394,13.85561466,14.8286171,13.23589802,16426690,FORTH-USD
10/8/2021 0:00,13.6912117,13.86561871,13.6912117,14.69974804,13.56427193,13442436,FORTH-USD
10/9/2021 0:00,13.89354324,13.69202805,13.89354324,14.52147198,13.65170097,8749162,FORTH-USD
10/10/2021 0:00,13.21238136,13.88255024,13.21238136,14.49026203,13.16819668,9389543,FORTH-USD
10/11/2021 0:00,13.63805389,13.2137413,13.63805389,13.6623106,12.80658913,9189756,FORTH-USD
10/12/2021 0:00,12.87027931,13.65774059,12.87027931,13.78087234,12.52048969,8313295,FORTH-USD
10/13/2021 0:00,12.88293076,12.90926743,12.88293076,13.49104309,12.32823658,11375245,FORTH-USD
10/14/2021 0:00,13.34862709,12.89209175,13.34862709,13.39881611,12.89153004,6277678,FORTH-USD
10/15/2021 0:00,15.07723808,13.34859753,15.07723808,20.77466965,13.00905132,149525122,FORTH-USD
10/16/2021 0:00,14.91976547,15.07691002,14.91976547,15.48317337,14.13602543,25145891,FORTH-USD
10/17/2021 0:00,13.9943676,14.91950798,13.9943676,14.9476347,13.69127846,12640288,FORTH-USD
10/18/2021 0:00,17.25120735,14.00399017,17.25120735,19.77265167,13.90632725,235204744,FORTH-USD
10/19/2021 0:00,16.17064095,17.15246201,16.17064095,17.92716408,15.65101719,55698108,FORTH-USD
10/20/2021 0:00,15.67891598,16.1326828,15.67891598,16.29268837,15.45439339,17300940,FORTH-USD
10/21/2021 0:00,15.86957645,15.70884132,15.86957645,17.3330555,15.61637878,25209625,FORTH-USD
10/22/2021 0:00,15.46747112,15.86956406,15.46747112,16.54761314,15.3206768,11362076,FORTH-USD
10/23/2021 0:00,15.49334812,15.46770859,15.49334812,16.20434189,15.34636307,9670268,FORTH-USD
10/24/2021 0:00,15.04623413,15.49289799,15.04623413,15.96266556,14.84598255,16850352,FORTH-USD
10/25/2021 0:00,15.59987736,15.05473137,15.59987736,15.90202236,15.05473137,12891004,FORTH-USD
10/26/2021 0:00,15.77479267,15.57078934,15.77479267,17.21665192,15.50308228,24788497,FORTH-USD
10/27/2021 0:00,14.72156715,15.77452278,14.72156715,16.04271317,14.35512161,18375972,FORTH-USD
10/28/2021 0:00,15.07368565,14.72073841,15.07368565,15.28700924,14.01924419,20175705,FORTH-USD
10/29/2021 0:00,15.17934895,15.08385658,15.17934895,15.64722347,14.61151409,12666864,FORTH-USD
10/30/2021 0:00,15.15757942,15.1416254,15.15757942,16.04087257,14.73928547,14666245,FORTH-USD
10/31/2021 0:00,16.37121391,15.15891647,16.37121391,21.81032753,14.99341202,101880127,FORTH-USD
11/1/2021 0:00,16.8069973,16.4000206,16.8069973,18.58955383,16.00559616,67093920,FORTH-USD
11/2/2021 0:00,17.07434464,16.83380127,17.07434464,18.59890938,16.4849968,29129958,FORTH-USD
11/3/2021 0:00,17.00342178,17.07487869,17.00342178,17.9383049,16.72248077,15188407,FORTH-USD
11/4/2021 0:00,16.00457954,17.00260162,16.00457954,17.01186371,15.71567822,17386522,FORTH-USD
11/5/2021 0:00,15.89578438,16.00329208,15.89578438,16.30739594,15.8146286,10048007,FORTH-USD
11/6/2021 0:00,16.01182938,15.89495182,16.01182938,16.2237587,15.43153572,9813860,FORTH-USD
11/7/2021 0:00,16.77957344,16.01021767,16.77957344,17.29579544,15.66631889,29275609,FORTH-USD
11/8/2021 0:00,17.25680923,16.78892708,17.25680923,17.43425179,16.41868782,23214457,FORTH-USD
11/9/2021 0:00,17.06351662,17.34147453,17.06351662,17.9230957,16.78034782,16616328,FORTH-USD
11/10/2021 0:00,16.09546852,17.08341789,16.09546852,17.90692902,15.9273653,23915220,FORTH-USD
11/11/2021 0:00,16.40938568,16.09468269,16.40938568,16.56694221,15.95939159,12070799,FORTH-USD
11/12/2021 0:00,16.05500031,16.38943672,16.05500031,16.60352325,15.65744305,12934116,FORTH-USD
11/13/2021 0:00,15.88580608,16.07411575,15.88580608,16.50269508,15.60249805,15265177,FORTH-USD
11/14/2021 0:00,16.02252197,15.90406513,16.02252197,16.25116158,15.74132824,10042526,FORTH-USD
11/15/2021 0:00,15.86067867,16.02546692,15.86067867,16.21980286,15.72881985,9938565,FORTH-USD
11/16/2021 0:00,14.56350422,15.87525177,14.56350422,15.89377594,14.14383507,13048378,FORTH-USD
11/17/2021 0:00,13.88262081,14.56112862,13.88262081,14.57365322,13.62300014,11370691,FORTH-USD
11/18/2021 0:00,12.93507385,13.89044094,12.93507385,14.06379032,12.79854774,9850029,FORTH-USD
11/19/2021 0:00,13.59283924,12.93374443,13.59283924,13.78254509,12.7117281,8171695,FORTH-USD
11/20/2021 0:00,13.94887638,13.5916481,13.94887638,14.17568207,13.3617897,8126792,FORTH-USD
11/21/2021 0:00,13.9787302,13.95747662,13.9787302,15.47495556,13.71205902,25783693,FORTH-USD
11/22/2021 0:00,13.639575,14.01148415,13.639575,14.20841885,13.26179695,10246783,FORTH-USD
11/23/2021 0:00,14.54403782,13.63885498,14.54403782,14.87823296,13.50688744,17624094,FORTH-USD
11/24/2021 0:00,14.23918533,14.54273701,14.23918533,14.65717506,13.55710316,16653675,FORTH-USD
11/25/2021 0:00,13.82787895,13.80680656,13.82787895,14.36050701,13.69875622,7422553,FORTH-USD
11/26/2021 0:00,16.04761887,14.03760147,16.04761887,16.04761887,12.98910427,25427132,FORTH-USD
11/27/2021 0:00,14.3841486,15.78318691,14.3841486,17.39965439,13.96158028,46706552,FORTH-USD
11/28/2021 0:00,13.90417194,14.45624542,13.90417194,14.60081959,13.23909283,11081369,FORTH-USD
11/29/2021 0:00,14.20405197,13.90211773,14.20405197,14.59255886,13.85091209,7046184,FORTH-USD
11/30/2021 0:00,14.14523983,14.20042896,14.14523983,14.75254059,13.98587894,13052720,FORTH-USD
12/1/2021 0:00,13.83423138,14.14323425,13.83423138,14.7289114,13.77152157,9076805,FORTH-USD
12/2/2021 0:00,13.79104519,13.81534672,13.79104519,14.11246967,13.35342503,11168171,FORTH-USD
12/3/2021 0:00,13.13275814,13.80320644,13.13275814,14.2838707,12.93363762,13309990,FORTH-USD
12/4/2021 0:00,11.83249378,13.16872501,11.83249378,13.28343773,10.99182129,19043304,FORTH-USD
12/5/2021 0:00,11.04660225,11.84033966,11.04660225,11.95109653,10.80808163,17662646,FORTH-USD
12/6/2021 0:00,11.28203201,11.06620407,11.28203201,11.81633472,10.33044338,21368770,FORTH-USD
12/7/2021 0:00,11.30318165,11.30583572,11.30318165,11.87258434,11.27015305,11337113,FORTH-USD
12/8/2021 0:00,11.28371906,11.29371166,11.28371906,11.48919296,10.79259777,6396150,FORTH-USD
12/9/2021 0:00,10.40664577,11.31043243,10.40664577,11.46559334,10.20901871,8670656,FORTH-USD
12/10/2021 0:00,10.00578785,10.41044998,10.00578785,10.78717041,9.956101418,8504840,FORTH-USD
12/11/2021 0:00,10.47625923,10.00510502,10.47625923,10.68782043,9.894069672,8261690,FORTH-USD
12/12/2021 0:00,10.57563686,10.45711517,10.57563686,11.17461967,10.25984573,18500565,FORTH-USD
12/13/2021 0:00,9.728652,10.58070278,9.728652,10.58104229,9.618989944,10853923,FORTH-USD
12/14/2021 0:00,9.880643845,9.72878933,9.880643845,10.16940975,9.64790535,8194521,FORTH-USD
12/15/2021 0:00,9.863347054,10.05333424,9.863347054,10.12600517,9.246483803,11605015,FORTH-USD
12/16/2021 0:00,9.642795563,9.863417625,9.642795563,10.40489388,9.633210182,10307475,FORTH-USD
12/17/2021 0:00,9.632234573,9.635177612,9.632234573,9.742539406,9.145853043,6458780,FORTH-USD
12/18/2021 0:00,9.52435112,9.637469292,9.52435112,9.910528183,9.33577919,10352905,FORTH-USD
12/19/2021 0:00,9.522783279,9.523176193,9.522783279,10.35742474,9.479239464,11149563,FORTH-USD
12/20/2021 0:00,9.050601006,9.514248848,9.050601006,9.546944618,8.70779705,6887906,FORTH-USD
12/21/2021 0:00,9.370118141,9.050999641,9.370118141,9.462895393,9.003445625,7364483,FORTH-USD
12/22/2021 0:00,9.534284592,9.3711586,9.534284592,9.795437813,9.257506371,5582719,FORTH-USD
12/23/2021 0:00,9.945732117,9.533760071,9.945732117,9.991319656,9.200387955,6984964,FORTH-USD
12/24/2021 0:00,9.857772827,9.92784214,9.857772827,10.16810322,9.716169357,10091807,FORTH-USD
12/25/2021 0:00,11.03431511,9.861210823,11.03431511,12.25870991,9.791621208,55637068,FORTH-USD
12/26/2021 0:00,10.77658558,11.02295399,10.77658558,11.03927803,10.42746544,14188281,FORTH-USD
12/27/2021 0:00,10.62909603,10.75744534,10.62909603,10.97877026,10.60943985,8335647,FORTH-USD
12/28/2021 0:00,9.704296112,10.64056206,9.704296112,10.64371014,9.566821098,13872107,FORTH-USD
12/29/2021 0:00,9.282930374,9.702665329,9.282930374,9.855045319,9.246736526,7486311,FORTH-USD
12/30/2021 0:00,9.539509773,9.283413887,9.539509773,10.22949982,9.216032982,12729679,FORTH-USD
12/31/2021 0:00,9.097515106,9.540151596,9.097515106,9.635804176,9.029327393,6166040,FORTH-USD
1/1/2022 0:00,9.33514595,9.09155941,9.33514595,9.454593658,9.075561523,5783130,FORTH-USD
1/2/2022 0:00,9.359956741,9.334072113,9.359956741,9.563887596,9.288912773,4859059,FORTH-USD
1/3/2022 0:00,9.189171791,9.359581947,9.189171791,9.500394821,9.031451225,6698213,FORTH-USD
1/4/2022 0:00,9.365390778,9.215506554,9.365390778,9.757649422,9.157141685,9723937,FORTH-USD
1/5/2022 0:00,8.781451225,9.367824554,8.781451225,9.647234917,8.608761787,9044312,FORTH-USD
1/6/2022 0:00,8.594286919,8.781606674,8.594286919,9.071213722,8.365262985,7788641,FORTH-USD
1/7/2022 0:00,8.12275219,8.59057045,8.12275219,8.59057045,8.030073166,7646576,FORTH-USD
1/8/2022 0:00,7.82108593,8.123657227,7.82108593,8.276740074,7.627078056,6710725,FORTH-USD
1/9/2022 0:00,7.852250099,7.820830822,7.852250099,8.079832077,7.597279072,7452276,FORTH-USD
1/10/2022 0:00,7.31836319,7.851759911,7.31836319,8.04264164,6.966853142,10334394,FORTH-USD
1/11/2022 0:00,7.491662979,7.318021774,7.491662979,7.623994827,7.188057899,5149738,FORTH-USD
1/12/2022 0:00,7.746912003,7.495072842,7.746912003,7.891630173,7.442448139,5891207,FORTH-USD
1/13/2022 0:00,7.497814178,7.747234821,7.497814178,7.871210098,7.446705818,5891677,FORTH-USD
1/14/2022 0:00,7.823747158,7.498376846,7.823747158,8.431886673,7.395348072,14043941,FORTH-USD
1/15/2022 0:00,7.96559,7.824965,7.96559,8.182753563,7.740141869,4858476,FORTH-USD
1/16/2022 0:00,7.726709843,7.967003822,7.726709843,7.969727993,7.671122074,3175284,FORTH-USD
1/17/2022 0:00,7.329977989,7.726857185,7.329977989,7.726857185,7.247124195,3486606,FORTH-USD
1/18/2022 0:00,7.256915092,7.32919693,7.256915092,7.4477911,6.946663857,5405789,FORTH-USD
1/19/2022 0:00,7.044064045,7.258616924,7.044064045,7.258616924,6.859896183,3900270,FORTH-USD
1/20/2022 0:00,6.740405083,7.041915894,6.740405083,7.338481903,6.739602089,3118506,FORTH-USD
1/21/2022 0:00,5.638020992,6.743175983,5.638020992,6.805399895,5.51763916,8772406,FORTH-USD
1/22/2022 0:00,5.268586159,5.649674892,5.268586159,6.178495884,4.804737091,15741877,FORTH-USD
1/23/2022 0:00,5.383990765,5.272240162,5.383990765,5.465517044,5.143286228,6425322,FORTH-USD
1/24/2022 0:00,5.051528931,5.383883953,5.051528931,5.383883953,4.470460892,9699971,FORTH-USD
1/25/2022 0:00,5.115570068,5.051804066,5.115570068,5.310749054,4.992154121,5224347,FORTH-USD
1/26/2022 0:00,5.480744839,5.115433216,5.480744839,6.678578854,5.091311932,22574420,FORTH-USD
1/27/2022 0:00,5.208051205,5.474412918,5.208051205,5.480744839,4.949748039,9826752,FORTH-USD
1/28/2022 0:00,5.272862911,5.207987785,5.272862911,5.38513422,5.085929871,4655125,FORTH-USD
1/29/2022 0:00,5.357895851,5.274982929,5.357895851,5.403274059,5.218327045,3271154,FORTH-USD
1/30/2022 0:00,5.1434412,5.358962059,5.1434412,5.437777042,5.081816196,2851500,FORTH-USD
1/31/2022 0:00,5.29346323,5.143918991,5.29346323,5.299182892,4.948810101,3102312,FORTH-USD
2/1/2022 0:00,5.242537022,5.293273926,5.242537022,5.510924816,5.218601227,4050760,FORTH-USD
2/2/2022 0:00,7.353744984,5.243216038,7.353744984,8.954066277,5.19590807,111557210,FORTH-USD
2/3/2022 0:00,8.343682289,7.339636803,8.343682289,11.75345039,6.633686066,295106961,FORTH-USD
2/4/2022 0:00,8.330384254,8.35809803,8.330384254,8.731389046,7.724473953,65863638,FORTH-USD
2/5/2022 0:00,7.680119991,8.32804203,7.680119991,8.32804203,7.543434143,25963414,FORTH-USD
2/6/2022 0:00,7.421411991,7.679616928,7.421411991,7.931512833,7.184092999,14887350,FORTH-USD
2/7/2022 0:00,7.582752228,7.418990135,7.582752228,8.229499817,7.248451233,20342622,FORTH-USD
2/8/2022 0:00,7.1895051,7.583744049,7.1895051,7.807921886,6.933513165,16818375,FORTH-USD
2/9/2022 0:00,7.509333134,7.186183929,7.509333134,8.18637085,7.136913776,32493809,FORTH-USD
2/10/2022 0:00,7.426027775,7.509437084,7.426027775,7.866672993,7.14935112,22709945,FORTH-USD
2/11/2022 0:00,6.708686829,7.4333601,6.708686829,7.453894138,6.579073906,15583533,FORTH-USD
2/12/2022 0:00,6.739312172,6.704163074,6.739312172,7.001442909,6.290756226,23322114,FORTH-USD
2/13/2022 0:00,7.12013483,6.736924171,7.12013483,8.226041794,6.731978893,73933911,FORTH-USD
2/14/2022 0:00,6.924640179,7.12029314,6.924640179,7.501315117,6.813551903,28212247,FORTH-USD
2/15/2022 0:00,7.338903904,6.924610138,7.338903904,7.417220116,6.924610138,27801667,FORTH-USD
2/16/2022 0:00,7.203185081,7.339426041,7.203185081,7.778389931,7.007590771,26614980,FORTH-USD
2/17/2022 0:00,6.700733185,7.198647976,6.700733185,7.357802868,6.560007095,15731983,FORTH-USD
2/18/2022 0:00,6.675135136,6.699934959,6.675135136,6.929730892,6.595620155,10407052,FORTH-USD
2/19/2022 0:00,6.572690964,6.675608158,6.572690964,6.691341877,6.327896118,7048793,FORTH-USD
2/20/2022 0:00,6.039769173,6.573488235,6.039769173,6.578870773,5.848334789,10274488,FORTH-USD
2/21/2022 0:00,5.524830818,6.035195827,5.524830818,6.315123081,5.505535126,12426835,FORTH-USD
2/22/2022 0:00,7.499015808,5.524356842,7.499015808,8.622281075,5.312739849,151491144,FORTH-USD
2/23/2022 0:00,6.416632175,7.510639191,6.416632175,7.969623089,6.354718208,81219024,FORTH-USD
2/24/2022 0:00,5.870252132,6.414071083,5.870252132,6.414071083,5.380449772,33446020,FORTH-USD
2/25/2022 0:00,6.466362953,5.886728764,6.466362953,6.964158058,5.815386772,41300608,FORTH-USD
2/26/2022 0:00,6.224023819,6.465153217,6.224023819,6.644711018,6.191177845,12029839,FORTH-USD
2/27/2022 0:00,5.940354824,6.223835945,5.940354824,6.333631039,5.869016171,9701075,FORTH-USD
2/28/2022 0:00,6.354074001,5.939488888,6.354074001,6.354468822,5.909203053,9517903,FORTH-USD
3/1/2022 0:00,7.379917145,6.351847172,7.379917145,8.41360569,6.192965031,85360238,FORTH-USD
3/2/2022 0:00,6.844874859,7.376158237,6.844874859,7.653493881,6.809533119,33234498,FORTH-USD
3/3/2022 0:00,6.623931885,6.842278957,6.623931885,6.991781235,6.552338123,9312983,FORTH-USD
3/4/2022 0:00,6.083734035,6.622960091,6.083734035,6.631447792,6.026639938,7071360,FORTH-USD
3/5/2022 0:00,6.878744125,6.082870007,6.878744125,7.161155224,6.006023884,35491011,FORTH-USD
3/6/2022 0:00,6.30792284,6.879521847,6.30792284,7.040785789,6.267540932,18653887,FORTH-USD
3/7/2022 0:00,6.209743023,6.298854828,6.209743023,6.539330006,6.174632072,5811154,FORTH-USD
3/8/2022 0:00,6.330595016,6.209623814,6.330595016,6.716855049,6.200173855,9257898,FORTH-USD
3/9/2022 0:00,6.740281105,6.331749916,6.740281105,6.942297935,6.330350876,15321650,FORTH-USD
3/10/2022 0:00,6.454531193,6.739642143,6.454531193,6.739642143,6.368540764,8746041,FORTH-USD
3/11/2022 0:00,6.893261909,6.454474926,6.893261909,7.514222145,6.436811924,43441671,FORTH-USD
3/12/2022 0:00,6.660978794,6.894270897,6.660978794,7.192168236,6.660978794,16282600,FORTH-USD
3/13/2022 0:00,6.440976143,6.661149979,6.440976143,6.838755131,6.43522501,7848702,FORTH-USD
3/14/2022 0:00,6.731846809,6.440673828,6.731846809,6.902373791,6.402880192,11617744,FORTH-USD
3/15/2022 0:00,6.483059883,6.732325077,6.483059883,6.801788807,6.367740154,15643422,FORTH-USD
3/16/2022 0:00,6.670972824,6.484026909,6.670972824,6.713737011,6.412197113,11270226,FORTH-USD
3/17/2022 0:00,6.593391895,6.670763969,6.593391895,6.858801842,6.574525833,8308304,FORTH-USD
3/18/2022 0:00,6.76454401,6.59289217,6.76454401,6.879732132,6.49901104,10899441,FORTH-USD
3/19/2022 0:00,7.138470173,6.763875961,7.138470173,7.504802227,6.759089947,17584098,FORTH-USD
3/20/2022 0:00,7.008847237,7.137042046,7.008847237,7.554531097,6.891447067,29281184,FORTH-USD
3/21/2022 0:00,6.992228031,7.007884979,6.992228031,7.155800819,6.850921154,8198870,FORTH-USD
3/22/2022 0:00,7.156867981,6.994146824,7.156867981,7.29891777,6.96136713,7324173,FORTH-USD
3/23/2022 0:00,7.256712914,7.156601906,7.256712914,7.300677776,7.001966,7049702,FORTH-USD
3/24/2022 0:00,7.210759163,7.253098011,7.210759163,7.419147015,7.129806995,9351764,FORTH-USD
3/25/2022 0:00,7.036196232,7.21081686,7.036196232,7.267292023,7.009111881,6186800,FORTH-USD
3/26/2022 0:00,7.667740822,7.014801025,7.667740822,7.801229954,7.010365009,16515425,FORTH-USD
3/27/2022 0:00,7.766483784,7.667044163,7.766483784,7.781188011,7.370584965,6564434,FORTH-USD
3/28/2022 0:00,7.574382782,7.76723814,7.574382782,7.840777874,7.572628021,7222862,FORTH-USD
3/29/2022 0:00,7.592703819,7.572313786,7.592703819,7.759398937,7.494912148,5575845,FORTH-USD
3/30/2022 0:00,7.633338928,7.594203949,7.633338928,7.633338928,7.322547913,6447352,FORTH-USD
3/31/2022 0:00,7.347727776,7.63450098,7.347727776,7.795896053,7.261425972,8128059,FORTH-USD
4/1/2022 0:00,7.678778172,7.34859705,7.678778172,7.934022903,7.111814022,16276730,FORTH-USD
4/2/2022 0:00,7.592760086,7.678802967,7.592760086,7.889309883,7.520343781,11552504,FORTH-USD
4/3/2022 0:00,7.957523823,7.592201233,7.957523823,8.495672226,7.542878151,22927918,FORTH-USD
4/4/2022 0:00,8.024828911,7.957976818,8.024828911,8.391242027,7.626773834,12085808,FORTH-USD
4/5/2022 0:00,7.823973179,8.0271101,7.823973179,8.23775959,7.818892002,10994457,FORTH-USD
4/6/2022 0:00,7.061852932,7.836325169,7.061852932,7.94316721,7.061852932,13944026,FORTH-USD
4/7/2022 0:00,7.196179867,7.06481123,7.196179867,7.415306091,6.876792908,6938709,FORTH-USD
4/8/2022 0:00,6.906233788,7.194851875,6.906233788,7.28904295,6.894055843,6736413,FORTH-USD
4/9/2022 0:00,6.905471802,6.90912199,6.905471802,6.940777779,6.737203121,4098966,FORTH-USD
4/10/2022 0:00,6.620346069,6.905344009,6.620346069,6.92252779,6.596733093,3915116,FORTH-USD
4/11/2022 0:00,5.795547962,6.619503975,5.795547962,6.619503975,5.736645222,5316181,FORTH-USD
4/12/2022 0:00,6.207699776,5.796131134,6.207699776,6.586882114,5.788342953,8979964,FORTH-USD
4/13/2022 0:00,6.345956802,6.207704067,6.345956802,6.37113905,6.097846985,3456818,FORTH-USD
4/14/2022 0:00,6.233174801,6.345214844,6.233174801,6.683125973,6.152227879,10325516,FORTH-USD
4/15/2022 0:00,6.279352188,6.232279778,6.279352188,6.363849163,6.227074146,2841859,FORTH-USD
4/16/2022 0:00,6.212211132,6.279644966,6.212211132,6.301867008,6.198574066,2475417,FORTH-USD
4/17/2022 0:00,6.025467873,6.211938858,6.025467873,6.230300903,6.01193285,3105589,FORTH-USD
4/18/2022 0:00,6.043261051,6.026002884,6.043261051,6.137905121,5.776162148,5191336,FORTH-USD
4/19/2022 0:00,6.170018196,6.044071198,6.170018196,6.240793228,6.040568829,4270801,FORTH-USD
4/20/2022 0:00,6.228356838,6.168867111,6.228356838,6.316883087,6.132503033,4822923,FORTH-USD
4/21/2022 0:00,5.95667696,6.228010178,5.95667696,6.312317848,5.908958912,4413296,FORTH-USD
4/22/2022 0:00,5.921215057,5.954758167,5.921215057,6.034037113,5.803359985,3303961,FORTH-USD
4/23/2022 0:00,5.755142212,5.922307014,5.755142212,6.276261806,5.737339973,6580852,FORTH-USD
4/24/2022 0:00,5.691072941,5.755016804,5.691072941,5.857494831,5.688371181,2977747,FORTH-USD
4/25/2022 0:00,5.600019932,5.691166878,5.600019932,5.691166878,5.290773869,3879898,FORTH-USD
4/26/2022 0:00,5.150644779,5.599254131,5.150644779,5.672718048,5.141067982,4413166,FORTH-USD
4/27/2022 0:00,5.236570835,5.150485039,5.236570835,5.298612118,5.116718769,3740302,FORTH-USD
4/28/2022 0:00,5.257781982,5.235571861,5.257781982,5.329494953,5.150033951,3116928,FORTH-USD
4/29/2022 0:00,4.846171856,5.256569862,4.846171856,5.261438847,4.81818819,3640025,FORTH-USD
4/30/2022 0:00,4.349541187,4.845812798,4.349541187,4.95131588,4.33477211,2832944,FORTH-USD
5/1/2022 0:00,4.623195171,4.35014677,4.623195171,4.69193697,4.301271915,2813479,FORTH-USD
5/2/2022 0:00,4.375281811,4.623793125,4.375281811,4.650361061,4.277176857,3197562,FORTH-USD
5/3/2022 0:00,4.241752148,4.376286983,4.241752148,4.414858818,4.176815033,2885307,FORTH-USD
5/4/2022 0:00,4.577488899,4.241644859,4.577488899,4.710471153,4.238646984,4059021,FORTH-USD
5/5/2022 0:00,4.21136713,4.578030109,4.21136713,4.656890869,4.144442081,4050372,FORTH-USD
5/6/2022 0:00,4.097498894,4.211009979,4.097498894,4.222402096,3.992873907,2870264,FORTH-USD
5/7/2022 0:00,3.993654013,4.096797943,3.993654013,4.097399235,3.969562054,1745815,FORTH-USD
5/8/2022 0:00,4.619738102,3.993846893,4.619738102,5.3010149,3.927495956,33322902,FORTH-USD
5/9/2022 0:00,4.928195,4.618987083,4.928195,7.022006989,4.270860195,160772643,FORTH-USD
5/10/2022 0:00,4.199844837,4.923017979,4.199844837,5.404401779,4.016368866,40115854,FORTH-USD
5/11/2022 0:00,2.677078962,4.199415207,2.677078962,4.244916916,2.63597393,15713041,FORTH-USD
5/12/2022 0:00,2.304703951,2.676949024,2.304703951,2.832894087,1.982954025,6853891,FORTH-USD
5/13/2022 0:00,2.580097914,2.30269599,2.580097914,2.960933924,2.266882896,4141329,FORTH-USD
5/14/2022 0:00,2.797979116,2.579683065,2.797979116,2.848367929,2.476746082,2973530,FORTH-USD
5/15/2022 0:00,3.216696978,2.79847002,3.216696978,3.849653006,2.606767893,11601177,FORTH-USD
5/16/2022 0:00,3.354095936,3.211756945,3.354095936,4.634191036,3.049288988,48643929,FORTH-USD
5/17/2022 0:00,3.837690115,3.357814074,3.837690115,4.138026237,3.357814074,17305782,FORTH-USD
5/18/2022 0:00,3.309673071,3.837306976,3.309673071,3.891767979,3.302619934,8333398,FORTH-USD
5/19/2022 0:00,3.48011899,3.308819056,3.48011899,3.636240959,3.254874945,6281850,FORTH-USD
5/20/2022 0:00,3.372678995,3.479734898,3.372678995,3.612732887,3.272775888,3934541,FORTH-USD
5/21/2022 0:00,3.347982883,3.373382092,3.347982883,3.467019081,3.285564899,3259065,FORTH-USD
5/22/2022 0:00,3.468839884,3.347462893,3.468839884,3.486783981,3.280482054,2796409,FORTH-USD
5/23/2022 0:00,3.261809111,3.468854904,3.261809111,3.54096508,3.227603912,3560078,FORTH-USD
5/24/2022 0:00,3.360807896,3.262002945,3.360807896,3.410484076,3.210575104,2183656,FORTH-USD
5/25/2022 0:00,3.393928051,3.359667063,3.393928051,3.441098928,3.316121101,1928826,FORTH-USD
5/26/2022 0:00,3.036266088,3.390170097,3.036266088,3.406383038,3.036266088,2187550,FORTH-USD
5/27/2022 0:00,2.849529028,3.035811901,2.849529028,3.072653055,2.828792095,2213851,FORTH-USD
5/28/2022 0:00,3.658525944,2.893508911,3.658525944,4.11145401,2.831428051,16656749,FORTH-USD
5/29/2022 0:00,3.497806072,3.661252022,3.497806072,4.263915062,3.411288977,26797919,FORTH-USD
5/30/2022 0:00,3.589334965,3.49762392,3.589334965,3.761028051,3.465811968,6654645,FORTH-USD
5/31/2022 0:00,3.491437912,3.588371992,3.491437912,3.615818977,3.400351048,3763310,FORTH-USD
6/1/2022 0:00,3.178417921,3.491270065,3.178417921,3.519977093,3.159465075,2797021,FORTH-USD
6/2/2022 0:00,3.539619923,3.178962946,3.539619923,3.869333982,3.128000975,10867283,FORTH-USD
6/3/2022 0:00,3.428080082,3.540348053,3.428080082,3.551454067,3.298352003,2828056,FORTH-USD
6/4/2022 0:00,3.40177989,3.426079035,3.40177989,3.48082304,3.338706017,2110439,FORTH-USD
6/5/2022 0:00,3.383296013,3.40161109,3.383296013,3.659463882,3.306212902,6575682,FORTH-USD
6/6/2022 0:00,3.42969799,3.384579897,3.42969799,3.535242081,3.350613117,3453823,FORTH-USD
6/7/2022 0:00,3.544061899,3.429714918,3.544061899,3.581823111,3.262418032,3770707,FORTH-USD
6/8/2022 0:00,3.398708105,3.540205002,3.398708105,3.55210495,3.382605076,4324073,FORTH-USD
6/9/2022 0:00,3.437649012,3.39840889,3.437649012,3.46617198,3.372692108,2586507,FORTH-USD
6/10/2022 0:00,4.278885841,3.437335968,4.278885841,4.42987299,3.37660408,32713748,FORTH-USD
6/11/2022 0:00,3.372437954,4.278520107,3.372437954,4.363066196,3.313591957,15951687,FORTH-USD
6/12/2022 0:00,3.103773117,3.370902061,3.103773117,3.482963085,3.103379011,6922322,FORTH-USD
6/13/2022 0:00,2.888777971,3.098731995,2.888777971,3.098731995,2.618590117,4883279,FORTH-USD
6/14/2022 0:00,2.993886948,2.889801979,2.993886948,3.102811098,2.731055021,4786316,FORTH-USD
6/15/2022 0:00,2.993479013,3.004323959,2.993479013,3.088010073,2.604865074,5208070,FORTH-USD
6/16/2022 0:00,2.740050077,2.993442059,2.740050077,3.177190065,2.724251986,3958960,FORTH-USD
6/17/2022 0:00,2.826747894,2.74239707,2.826747894,2.951400995,2.732784986,2843860,FORTH-USD
6/18/2022 0:00,2.536220074,2.827709913,2.536220074,2.848231077,2.337678909,3148048,FORTH-USD
6/19/2022 0:00,2.662002087,2.533847094,2.662002087,2.777048111,2.432444096,2937087,FORTH-USD
6/20/2022 0:00,2.891284943,2.661863089,2.891284943,2.958113909,2.573863029,5380182,FORTH-USD
6/21/2022 0:00,2.822957039,2.895977974,2.822957039,2.996970892,2.814460993,2806925,FORTH-USD
6/22/2022 0:00,2.780891895,2.821700096,2.780891895,2.891679049,2.739509106,1849767,FORTH-USD
6/23/2022 0:00,2.995721102,2.781155109,2.995721102,3.272526979,2.778834105,4819752,FORTH-USD
6/24/2022 0:00,3.05803299,2.995795965,3.05803299,3.077001095,2.910394907,2420777,FORTH-USD
6/25/2022 0:00,3.177845001,3.059422016,3.177845001,3.44000411,3.040669918,7139419,FORTH-USD
6/26/2022 0:00,3.033721924,3.175908089,3.033721924,3.254014015,3.031514883,2335103,FORTH-USD
6/27/2022 0:00,2.995277882,3.033550024,2.995277882,3.139630079,2.962619066,1714608,FORTH-USD
6/28/2022 0:00,2.817799091,2.994683027,2.817799091,3.079339027,2.814064026,2053948,FORTH-USD
6/29/2022 0:00,2.878897905,2.820266008,2.878897905,2.954334974,2.777268887,3104456,FORTH-USD
6/30/2022 0:00,2.852092981,2.879168987,2.852092981,2.88897109,2.663371086,2784424,FORTH-USD
7/1/2022 0:00,2.790249109,2.849215031,2.790249109,2.919310093,2.754839897,2240435,FORTH-USD
7/2/2022 0:00,3.917501926,2.790699959,3.917501926,4.973415852,2.738167048,109639986,FORTH-USD
7/3/2022 0:00,3.379580021,3.9131639,3.379580021,4.596899986,3.360660076,53727725,FORTH-USD
7/4/2022 0:00,3.313751936,3.376780987,3.313751936,3.38837409,3.259032965,7990193,FORTH-USD
7/5/2022 0:00,3.25247097,3.316220999,3.25247097,3.446075916,3.1809659,7241149,FORTH-USD
7/6/2022 0:00,3.408097029,3.251987934,3.408097029,4.267518044,3.214580059,41223110,FORTH-USD
7/7/2022 0:00,3.520113945,3.408076048,3.520113945,3.591151953,3.338557959,9574781,FORTH-USD
7/8/2022 0:00,3.56133008,3.521801949,3.56133008,3.829883099,3.435965061,8625089,FORTH-USD
7/9/2022 0:00,3.576389074,3.548057079,3.576389074,3.760968924,3.508707047,6169534,FORTH-USD
7/10/2022 0:00,3.283725977,3.576859951,3.283725977,3.580641985,3.239104986,4258532,FORTH-USD
7/11/2022 0:00,3.594597101,3.284132004,3.594597101,3.996871948,3.219711065,18208713,FORTH-USD
7/12/2022 0:00,3.383534908,3.603440046,3.383534908,3.89083004,3.350498915,20667587,FORTH-USD
7/13/2022 0:00,3.491225958,3.383292913,3.491225958,3.615140915,3.193665981,7407215,FORTH-USD
7/14/2022 0:00,3.486624002,3.491991043,3.486624002,3.547255993,3.276916027,5559060,FORTH-USD
7/15/2022 0:00,3.526335955,3.486574888,3.526335955,3.576142073,3.413233995,3503001,FORTH-USD
7/16/2022 0:00,3.565951109,3.526159048,3.565951109,3.632745028,3.445180893,4667087,FORTH-USD
7/17/2022 0:00,3.577711105,3.565520048,3.577711105,3.744961023,3.490919113,6384795,FORTH-USD
7/18/2022 0:00,3.644953012,3.577907085,3.644953012,3.748296022,3.546124935,5019141,FORTH-USD
7/19/2022 0:00,3.66247201,3.643476009,3.66247201,3.704732895,3.560930967,3710598,FORTH-USD
7/20/2022 0:00,3.479757071,3.660725117,3.479757071,3.904809952,3.458600998,6861181,FORTH-USD
7/21/2022 0:00,3.561515093,3.480674982,3.561515093,3.573810101,3.376069069,3290002,FORTH-USD
7/22/2022 0:00,3.442220926,3.562948942,3.442220926,3.655498981,3.42275691,2397062,FORTH-USD
7/23/2022 0:00,3.583683968,3.441586971,3.583683968,3.658762932,3.431035995,3444371,FORTH-USD
7/24/2022 0:00,3.549340963,3.583151102,3.549340963,3.871211052,3.548715115,5919803,FORTH-USD
7/25/2022 0:00,3.434838057,3.548913002,3.434838057,3.561239004,3.43049407,1881337,FORTH-USD
7/26/2022 0:00,3.419651031,3.434748888,3.419651031,3.462214947,3.362473965,1247347,FORTH-USD
7/27/2022 0:00,3.618321896,3.420825005,3.618321896,3.635021925,3.420825005,3275103,FORTH-USD
7/28/2022 0:00,3.783778906,3.618859053,3.783778906,3.870628119,3.573519945,7147334,FORTH-USD
7/29/2022 0:00,7.411645889,3.779113054,7.411645889,11.21480274,3.752784967,355916961,FORTH-USD
7/30/2022 0:00,5.810906887,7.407897949,5.810906887,10.00998306,5.511323929,220594324,FORTH-USD
7/31/2022 0:00,5.610858917,5.805129051,5.610858917,6.44422102,5.533047199,42224595,FORTH-USD
8/1/2022 0:00,5.46735096,5.611492157,5.46735096,5.805939198,5.150858879,16143929,FORTH-USD
8/2/2022 0:00,6.181732178,5.463047028,6.181732178,6.393782139,5.149099827,45701340,FORTH-USD
8/3/2022 0:00,5.564424038,6.179325104,5.564424038,6.43955183,5.523149967,19024673,FORTH-USD
8/4/2022 0:00,5.43027401,5.565449238,5.43027401,5.867019176,5.281466961,8351339,FORTH-USD
8/5/2022 0:00,5.496008873,5.429014206,5.496008873,5.696279049,5.315248013,9972976,FORTH-USD
8/6/2022 0:00,5.678765774,5.49706316,5.678765774,6.248268127,5.447591782,24476289,FORTH-USD
8/7/2022 0:00,5.63819313,5.680678844,5.63819313,5.781583786,5.610237122,4619697,FORTH-USD
8/8/2022 0:00,5.664905071,5.637174129,5.664905071,5.805820942,5.621350765,5333485,FORTH-USD
8/9/2022 0:00,5.460732937,5.654168129,5.460732937,5.700565815,5.341331005,5396459,FORTH-USD
8/10/2022 0:00,5.620927811,5.461017132,5.620927811,5.728222847,5.382894993,6800595,FORTH-USD
8/11/2022 0:00,5.511638165,5.621581078,5.511638165,5.780045986,5.452478886,6650349,FORTH-USD
8/12/2022 0:00,5.769611835,5.507089138,5.769611835,6.00005579,5.485301018,7850066,FORTH-USD
8/13/2022 0:00,5.856609821,5.769927979,5.856609821,6.621623993,5.651083946,30587932,FORTH-USD
8/14/2022 0:00,5.643555164,5.857659817,5.643555164,5.894050121,5.562432766,7997864,FORTH-USD
8/15/2022 0:00,5.632833958,5.641125202,5.632833958,5.793710232,5.526165009,4948985,FORTH-USD
8/16/2022 0:00,5.670135975,5.625954151,5.670135975,5.766736031,5.565989971,3880849,FORTH-USD
8/17/2022 0:00,5.247378826,5.668674946,5.247378826,5.726175785,5.184474945,5158585,FORTH-USD
8/18/2022 0:00,5.164445877,5.225599766,5.164445877,5.557854176,5.126253128,5010441,FORTH-USD
8/19/2022 0:00,4.454140186,5.164392948,4.454140186,5.177568913,4.395870209,6007254,FORTH-USD
8/20/2022 0:00,4.701152802,4.452406883,4.701152802,5.237874031,4.43023777,15733368,FORTH-USD
8/21/2022 0:00,4.733868122,4.694489956,4.733868122,4.919663906,4.667967796,4213888,FORTH-USD
8/22/2022 0:00,4.699801922,4.731134892,4.699801922,4.873479843,4.57097578,8348238,FORTH-USD
8/23/2022 0:00,5.234832764,4.699779987,5.234832764,6.372375965,4.699484825,95776643,FORTH-USD
8/24/2022 0:00,5.023128033,5.233963013,5.023128033,5.735569954,4.940025806,30247671,FORTH-USD
8/25/2022 0:00,5.185480118,5.02253294,5.185480118,5.775988102,5.009058952,20879229,FORTH-USD
8/26/2022 0:00,4.673586845,5.183225155,4.673586845,5.18661499,4.627274036,10861538,FORTH-USD
8/27/2022 0:00,4.820243835,4.671815872,4.820243835,5.196300983,4.659105778,16357728,FORTH-USD
8/28/2022 0:00,4.805171013,4.820180893,4.805171013,5.026103973,4.796170235,5814968,FORTH-USD
8/29/2022 0:00,4.945233822,4.80464077,4.945233822,4.999519825,4.80464077,7171755,FORTH-USD
8/30/2022 0:00,4.825949192,4.945463181,4.825949192,5.169889927,4.71317482,7016449,FORTH-USD
8/31/2022 0:00,4.784220219,4.826899052,4.784220219,4.941772938,4.777980804,3262735,FORTH-USD
9/1/2022 0:00,4.768479824,4.784049034,4.768479824,4.812250137,4.59045887,4566014,FORTH-USD
9/2/2022 0:00,4.7615242,4.768124104,4.7615242,5.793343067,4.746940136,31660835,FORTH-USD
9/3/2022 0:00,4.835267067,4.759535789,4.835267067,4.883765221,4.7516222,4067075,FORTH-USD
9/4/2022 0:00,4.84709692,4.835457802,4.84709692,4.892016888,4.766552925,3978303,FORTH-USD
9/5/2022 0:00,4.78836298,4.846016884,4.78836298,4.873084068,4.723828793,3612633,FORTH-USD
9/6/2022 0:00,4.440215111,4.789785862,4.440215111,4.839519978,4.440215111,6097457,FORTH-USD
9/7/2022 0:00,4.572408199,4.439939022,4.572408199,4.630533218,4.288633823,5823388,FORTH-USD
9/8/2022 0:00,4.719401836,4.569952965,4.719401836,5.235788822,4.521690845,25252434,FORTH-USD
9/9/2022 0:00,4.903143883,4.723165035,4.903143883,4.980220795,4.698469162,11158762,FORTH-USD
9/10/2022 0:00,4.943560123,4.90207386,4.943560123,5.034922123,4.870578766,4884353,FORTH-USD
9/11/2022 0:00,4.956030846,4.942361832,4.956030846,5.423524857,4.910015106,16642465,FORTH-USD
9/12/2022 0:00,4.764951229,4.956123829,4.764951229,5.036798,4.67918396,7243521,FORTH-USD
9/13/2022 0:00,4.669119835,4.767574787,4.669119835,4.867742062,4.604531765,4395388,FORTH-USD
9/14/2022 0:00,4.684421062,4.664241791,4.684421062,4.778752804,4.571342945,3848862,FORTH-USD
9/15/2022 0:00,4.638506889,4.684114933,4.638506889,4.867194176,4.587156773,3985377,FORTH-USD
9/16/2022 0:00,4.617383003,4.638246059,4.617383003,4.706752777,4.561299801,2041975,FORTH-USD
9/17/2022 0:00,4.849005222,4.61562109,4.849005222,4.849005222,4.61562109,3680260,FORTH-USD
9/18/2022 0:00,4.667080879,4.849575043,4.667080879,5.69367981,4.60582304,20206785,FORTH-USD
9/19/2022 0:00,4.698283195,4.666124821,4.698283195,4.767638206,4.522559166,5366927,FORTH-USD
9/20/2022 0:00,4.597248077,4.697254181,4.597248077,4.728839874,4.557995796,3123765,FORTH-USD
9/21/2022 0:00,4.554956913,4.597959995,4.554956913,4.707603931,4.514888763,4538078,FORTH-USD
9/22/2022 0:00,4.732010841,4.550056934,4.732010841,4.769915104,4.537432194,3295617,FORTH-USD
9/23/2022 0:00,4.743598938,4.731891155,4.743598938,4.861464024,4.623038769,3220871,FORTH-USD
9/24/2022 0:00,4.773544788,4.74342823,4.773544788,4.813079834,4.703292847,2464893,FORTH-USD
9/25/2022 0:00,4.642979145,4.773793221,4.642979145,4.780516148,4.628757,2438129,FORTH-USD
9/26/2022 0:00,4.691432953,4.642082214,4.691432953,4.761129856,4.64200592,2468160,FORTH-USD
9/27/2022 0:00,4.699701786,4.689033031,4.699701786,4.798377037,4.65551281,2571644,FORTH-USD
9/28/2022 8:57,4.575419426,4.70279789,4.575419426,4.721867561,4.559652805,2825467,FORTH-USD
