timestamp,adjclose,close,low,high,open,volume,Symbol
10/29/2020 0:00,0.364235014,0.364235014,0.359896988,0.364259005,0.359896988,113942734,WEMIX-USD
10/30/2020 0:00,0.27274099,0.27274099,0.235392004,0.364259988,0.364259988,80219057,WEMIX-USD
10/31/2020 0:00,0.244323,0.244323,0.233765006,0.298254997,0.27274099,1808765,WEMIX-USD
11/1/2020 0:00,0.219944,0.219944,0.216433004,0.248722002,0.244323,963753,WEMIX-USD
11/2/2020 0:00,0.192386001,0.192386001,0.192365006,0.227686003,0.219944,797019,WEMIX-USD
11/3/2020 0:00,0.182166994,0.182166994,0.178096995,0.194068998,0.192370996,537797,WEMIX-USD
11/4/2020 0:00,0.222588003,0.222588003,0.174638003,0.228161007,0.182174996,1215904,WEMIX-USD
11/5/2020 0:00,0.188054994,0.188054994,0.183696002,0.224923,0.222591996,1001961,WEMIX-USD
11/6/2020 0:00,0.203850999,0.203850999,0.176442996,0.224659994,0.188054994,1340370,WEMIX-USD
11/7/2020 0:00,0.181210995,0.181210995,0.180051997,0.207326993,0.203850999,516199,WEMIX-USD
11/8/2020 0:00,0.188091993,0.188091993,0.181210995,0.197879001,0.181210995,195033,WEMIX-USD
11/9/2020 0:00,0.183182001,0.183182001,0.180494994,0.193794996,0.187200993,343875,WEMIX-USD
11/10/2020 0:00,0.190396994,0.190396994,0.179957002,0.193533003,0.183173999,421819,WEMIX-USD
11/11/2020 0:00,0.193261996,0.193261996,0.185056001,0.197093993,0.190396994,280774,WEMIX-USD
11/12/2020 0:00,0.184346005,0.184346005,0.179326996,0.204293996,0.193267003,536187,WEMIX-USD
11/13/2020 0:00,0.190595999,0.190595999,0.180667996,0.190595999,0.184379995,121299,WEMIX-USD
11/14/2020 0:00,0.186897993,0.186897993,0.182749003,0.190595999,0.190595999,95537,WEMIX-USD
11/15/2020 0:00,0.182851002,0.182851002,0.182580993,0.198443994,0.186897993,177648,WEMIX-USD
11/16/2020 0:00,0.189904004,0.189904004,0.182448,0.194305003,0.182851002,212866,WEMIX-USD
11/17/2020 0:00,0.188253999,0.188253999,0.183836997,0.192247003,0.187867999,245355,WEMIX-USD
11/18/2020 0:00,0.246537998,0.246537998,0.185928002,0.255322009,0.188262999,1573522,WEMIX-USD
11/19/2020 0:00,0.257927001,0.257927001,0.218474001,0.302204996,0.246538997,5854685,WEMIX-USD
11/20/2020 0:00,0.251091987,0.251091987,0.235129997,0.278724015,0.257927001,1196093,WEMIX-USD
11/21/2020 0:00,0.239434004,0.239434004,0.238088995,0.264633,0.251091987,593302,WEMIX-USD
11/22/2020 0:00,0.301701009,0.301701009,0.228404,0.39080599,0.239434004,9019768,WEMIX-USD
11/23/2020 0:00,0.372325987,0.372325987,0.278921008,0.574889004,0.301701009,37703607,WEMIX-USD
11/24/2020 0:00,0.327165991,0.327165991,0.316000015,0.485769004,0.373044014,10782694,WEMIX-USD
11/25/2020 0:00,0.296736985,0.296736985,0.274226993,0.378432006,0.324290991,4987231,WEMIX-USD
11/26/2020 0:00,0.251134008,0.251134008,0.243102998,0.298312008,0.296669006,1459143,WEMIX-USD
11/27/2020 0:00,0.264699012,0.264699012,0.245429993,0.279159993,0.251138985,649658,WEMIX-USD
11/28/2020 0:00,0.279267997,0.279267997,0.264427006,0.293567002,0.266328007,667754,WEMIX-USD
11/29/2020 0:00,0.353201985,0.353201985,0.265423,0.383879989,0.279267997,7796219,WEMIX-USD
11/30/2020 0:00,0.301798999,0.301798999,0.291168988,0.427352011,0.353110999,16208887,WEMIX-USD
12/1/2020 0:00,0.282537013,0.282537013,0.254819006,0.332089007,0.298916012,3523959,WEMIX-USD
12/2/2020 0:00,0.27481401,0.27481401,0.272632986,0.293657005,0.282988995,738454,WEMIX-USD
12/3/2020 0:00,0.298449993,0.298449993,0.272183001,0.327098012,0.27481401,2638996,WEMIX-USD
12/4/2020 0:00,0.284258991,0.284258991,0.280777991,0.303184986,0.296983004,618334,WEMIX-USD
12/5/2020 0:00,0.289979011,0.289979011,0.280200005,0.299021006,0.284258991,493886,WEMIX-USD
12/6/2020 0:00,0.290717989,0.290717989,0.284350991,0.30123499,0.289979011,329798,WEMIX-USD
12/7/2020 0:00,0.289209992,0.289209992,0.281405002,0.324342996,0.290717989,2121933,WEMIX-USD
12/8/2020 0:00,0.284379989,0.284379989,0.284379989,0.304740012,0.289214998,583781,WEMIX-USD
12/9/2020 0:00,0.28610599,0.28610599,0.25434801,0.287003011,0.284379989,619622,WEMIX-USD
12/10/2020 0:00,0.274791002,0.274791002,0.268206,0.286332011,0.286110997,158094,WEMIX-USD
12/11/2020 0:00,0.261130005,0.261130005,0.256677985,0.277898014,0.274791002,281046,WEMIX-USD
12/12/2020 0:00,0.268548995,0.268548995,0.25554201,0.272944987,0.261130005,347135,WEMIX-USD
12/13/2020 0:00,0.26277101,0.26277101,0.259474009,0.274226993,0.268548995,122808,WEMIX-USD
12/14/2020 0:00,0.264943987,0.264943987,0.253771991,0.268693,0.26277101,132105,WEMIX-USD
12/15/2020 0:00,0.264135987,0.264135987,0.256949991,0.268884003,0.265493006,1048424,WEMIX-USD
12/16/2020 0:00,0.259041011,0.259041011,0.246645004,0.269746006,0.264137,364194,WEMIX-USD
12/17/2020 0:00,0.252481014,0.252481014,0.247188002,0.268299013,0.259050995,391825,WEMIX-USD
12/18/2020 0:00,0.243205994,0.243205994,0.241014004,0.253733009,0.252478987,139508,WEMIX-USD
12/19/2020 0:00,0.240023002,0.240023002,0.236929998,0.248117,0.243205994,110223,WEMIX-USD
12/20/2020 0:00,0.240958005,0.240958005,0.237294003,0.251664013,0.240023002,138310,WEMIX-USD
12/21/2020 0:00,0.251165003,0.251165003,0.238498002,0.288818002,0.240958005,1915164,WEMIX-USD
12/22/2020 0:00,0.246276006,0.246276006,0.243567005,0.284877002,0.251166999,2294865,WEMIX-USD
12/23/2020 0:00,0.227228001,0.227228001,0.225868002,0.246998996,0.246276006,522412,WEMIX-USD
12/24/2020 0:00,0.226722002,0.226722002,0.221615002,0.241580993,0.227228001,212574,WEMIX-USD
12/25/2020 0:00,0.226254001,0.226254001,0.222699001,0.240621001,0.226631001,178970,WEMIX-USD
12/26/2020 0:00,0.218163997,0.218163997,0.214527994,0.227526993,0.226254001,131620,WEMIX-USD
12/27/2020 0:00,0.207735002,0.207735002,0.207735002,0.219072998,0.218163997,122246,WEMIX-USD
12/28/2020 0:00,0.210107997,0.210107997,0.204826996,0.221926004,0.207735002,69849,WEMIX-USD
12/29/2020 0:00,0.199610993,0.199610993,0.191581994,0.210850999,0.210108995,358458,WEMIX-USD
12/30/2020 0:00,0.195283994,0.195283994,0.183634996,0.209627002,0.198970005,171429,WEMIX-USD
12/31/2020 0:00,0.210197002,0.210197002,0.176914006,0.222912997,0.195292994,395392,WEMIX-USD
1/1/2021 0:00,0.268759012,0.268759012,0.203565001,0.28966701,0.210197002,1433013,WEMIX-USD
1/2/2021 0:00,0.226115003,0.226115003,0.220864996,0.281192988,0.281192988,1156955,WEMIX-USD
1/3/2021 0:00,0.210810006,0.210810006,0.208141997,0.237719998,0.226115003,263692,WEMIX-USD
1/4/2021 0:00,0.223706007,0.223706007,0.207845002,0.247793004,0.210810006,237830,WEMIX-USD
1/5/2021 0:00,0.211319998,0.211319998,0.207754999,0.237324998,0.221588999,823312,WEMIX-USD
1/6/2021 0:00,0.205432996,0.205432996,0.181290999,0.399580002,0.211321995,11047005,WEMIX-USD
1/7/2021 0:00,0.203770995,0.203770995,0.188333005,0.230086997,0.205339998,10501087,WEMIX-USD
1/8/2021 0:00,0.202153996,0.202153996,0.194653004,0.206741005,0.202460006,22593026,WEMIX-USD
1/9/2021 0:00,0.199131995,0.199131995,0.197988003,0.211906001,0.202154994,4354914,WEMIX-USD
1/10/2021 0:00,0.196783006,0.196783006,0.194600001,0.204651996,0.199139997,4770988,WEMIX-USD
1/11/2021 0:00,0.175738007,0.175738007,0.156350002,0.197322994,0.197322994,2852157,WEMIX-USD
1/12/2021 0:00,0.175136,0.175136,0.173976004,0.177506998,0.175740004,3158186,WEMIX-USD
1/13/2021 0:00,0.175124004,0.175124004,0.174457997,0.175276995,0.175144002,3157601,WEMIX-USD
1/14/2021 0:00,0.173639998,0.173639998,0.173194006,0.175258994,0.175118998,3193691,WEMIX-USD
1/15/2021 0:00,0.160862997,0.160862997,0.130591005,0.174798995,0.173637003,3355544,WEMIX-USD
1/16/2021 0:00,0.162038997,0.162038997,0.154100001,0.162829995,0.160858005,3034553,WEMIX-USD
1/17/2021 0:00,0.159952998,0.159952998,0.159189999,0.162566006,0.162043005,3282877,WEMIX-USD
1/18/2021 0:00,0.161960006,0.161960006,0.158378005,0.164838001,0.159945995,2888667,WEMIX-USD
1/19/2021 0:00,0.159342006,0.159342006,0.158804998,0.162487999,0.161961004,2768274,WEMIX-USD
1/20/2021 0:00,0.183248997,0.183248997,0.158916995,0.195972994,0.159332007,29920101,WEMIX-USD
1/21/2021 0:00,0.175745994,0.175745994,0.175518006,0.205455005,0.182837993,30988012,WEMIX-USD
1/22/2021 0:00,0.184479997,0.184479997,0.168006003,0.191211,0.175334007,27290876,WEMIX-USD
1/23/2021 0:00,0.179017007,0.179017007,0.176903993,0.186075002,0.184477001,3476542,WEMIX-USD
1/24/2021 0:00,0.183690995,0.183690995,0.177791998,0.189633995,0.179014996,26605776,WEMIX-USD
1/25/2021 0:00,0.178148001,0.178148001,0.177792996,0.184221998,0.183529004,3158946,WEMIX-USD
1/26/2021 0:00,0.177250996,0.177250996,0.177105993,0.178322002,0.178154007,1382982,WEMIX-USD
1/27/2021 0:00,0.175843,0.175843,0.174713999,0.177622005,0.177251995,2671160,WEMIX-USD
1/28/2021 0:00,0.167149007,0.167149007,0.166895002,0.190224007,0.175844997,2886869,WEMIX-USD
1/29/2021 0:00,0.164684996,0.164684996,0.164591998,0.171405002,0.167171001,3118762,WEMIX-USD
1/30/2021 0:00,0.160208002,0.160208002,0.157195002,0.165417999,0.164679006,3170842,WEMIX-USD
1/31/2021 0:00,0.160475999,0.160475999,0.156322002,0.164524004,0.160201997,3226102,WEMIX-USD
2/1/2021 0:00,0.154879004,0.154879004,0.150920004,0.160714999,0.160472006,3136462,WEMIX-USD
2/2/2021 0:00,0.159718007,0.159718007,0.150347993,0.160505995,0.154874995,2303922,WEMIX-USD
2/3/2021 0:00,0.163645998,0.163645998,0.157648996,0.168489993,0.159694001,6595221,WEMIX-USD
2/4/2021 0:00,0.160501003,0.160501003,0.155871004,0.164908007,0.163591996,3347839,WEMIX-USD
2/5/2021 0:00,0.160147995,0.160147995,0.157734007,0.169550002,0.160505995,2792765,WEMIX-USD
2/6/2021 0:00,0.163129002,0.163129002,0.154074997,0.164031997,0.160155997,2979678,WEMIX-USD
2/7/2021 0:00,0.159918994,0.159918994,0.157943994,0.163187996,0.163141996,2827525,WEMIX-USD
2/8/2021 0:00,0.159143999,0.159143999,0.146118999,0.161941007,0.159915999,2670324,WEMIX-USD
2/9/2021 0:00,0.161930993,0.161930993,0.156001002,0.162369996,0.159152001,3281884,WEMIX-USD
2/10/2021 0:00,0.162330002,0.162330002,0.161265999,0.164197996,0.161951005,2537025,WEMIX-USD
2/11/2021 0:00,0.163108006,0.163108006,0.160941005,0.167890996,0.162310004,3069035,WEMIX-USD
2/12/2021 0:00,0.161990002,0.161990002,0.160301,0.166096002,0.163096994,3263857,WEMIX-USD
2/13/2021 0:00,0.182997003,0.182997003,0.160597995,0.190552995,0.162144005,6125451,WEMIX-USD
2/14/2021 0:00,0.173158005,0.173158005,0.170366004,0.196966007,0.182402998,4279939,WEMIX-USD
2/15/2021 0:00,0.168418005,0.168418005,0.163953006,0.175007001,0.172960997,4201689,WEMIX-USD
2/16/2021 0:00,0.168605998,0.168605998,0.16268,0.170313001,0.168421999,2889299,WEMIX-USD
2/17/2021 0:00,0.166062996,0.166062996,0.163135007,0.177364007,0.168599993,3475602,WEMIX-USD
2/18/2021 0:00,0.199977994,0.199977994,0.165975004,0.210099995,0.166068003,5825713,WEMIX-USD
2/19/2021 0:00,0.188883007,0.188883007,0.178093001,0.206204996,0.199975997,4046498,WEMIX-USD
2/20/2021 0:00,0.183307007,0.183307007,0.17159,0.199122995,0.188878,3592433,WEMIX-USD
2/21/2021 0:00,0.185524002,0.185524002,0.175360993,0.189527005,0.183305994,2856436,WEMIX-USD
2/22/2021 0:00,0.171739995,0.171739995,0.165510997,0.187646002,0.185587004,3952573,WEMIX-USD
2/23/2021 0:00,0.173152998,0.173152998,0.148931995,0.175536007,0.171719,4168566,WEMIX-USD
2/24/2021 0:00,0.167587996,0.167587996,0.162292004,0.173354,0.173354,3565762,WEMIX-USD
2/25/2021 0:00,0.165883005,0.165883005,0.162744001,0.172849,0.167586997,3492398,WEMIX-USD
2/26/2021 0:00,0.158252001,0.158252001,0.153595001,0.166898996,0.165883005,2899292,WEMIX-USD
2/27/2021 0:00,0.15332,0.15332,0.151430994,0.162352994,0.158252001,3309694,WEMIX-USD
2/28/2021 0:00,0.148628995,0.148628995,0.146137998,0.159857005,0.153320998,2708753,WEMIX-USD
3/1/2021 0:00,0.152124003,0.152124003,0.148628995,0.159546003,0.148628995,2776226,WEMIX-USD
3/2/2021 0:00,0.157262996,0.157262996,0.150351003,0.159005001,0.151884004,2591639,WEMIX-USD
3/3/2021 0:00,0.159767002,0.159767002,0.153702006,0.163178995,0.157266006,3533748,WEMIX-USD
3/4/2021 0:00,0.161552995,0.161552995,0.152671993,0.167251006,0.159744993,3688290,WEMIX-USD
3/5/2021 0:00,0.158782005,0.158782005,0.152715996,0.161872998,0.161559001,2762768,WEMIX-USD
3/6/2021 0:00,0.161303997,0.161303997,0.152751997,0.161807999,0.158784002,3306051,WEMIX-USD
3/7/2021 0:00,0.166141003,0.166141003,0.154486999,0.166813999,0.161146998,3648673,WEMIX-USD
3/8/2021 0:00,0.173967004,0.173967004,0.165338993,0.194192007,0.166143,6656701,WEMIX-USD
3/9/2021 0:00,0.184409007,0.184409007,0.172759995,0.192274004,0.173541993,5147837,WEMIX-USD
3/10/2021 0:00,0.182554007,0.182554007,0.180787995,0.187925994,0.184336007,3247427,WEMIX-USD
3/11/2021 0:00,0.209833995,0.209833995,0.173910007,0.211166993,0.182606995,5166020,WEMIX-USD
3/12/2021 0:00,0.285697997,0.285697997,0.207666993,0.285697997,0.209878996,11550558,WEMIX-USD
3/13/2021 0:00,0.25523901,0.25523901,0.248244002,0.297773987,0.285925001,7228244,WEMIX-USD
3/14/2021 0:00,0.276023,0.276023,0.246506006,0.287984997,0.254718989,5277297,WEMIX-USD
3/15/2021 0:00,0.302886009,0.302886009,0.255259007,0.317218006,0.275846004,8407141,WEMIX-USD
3/16/2021 0:00,0.42475,0.42475,0.302486986,0.487242013,0.303728014,35512731,WEMIX-USD
3/17/2021 0:00,0.465564996,0.465564996,0.312310994,0.473297,0.424349993,18478093,WEMIX-USD
3/18/2021 0:00,0.464394003,0.464394003,0.462141007,0.52639699,0.467799991,10709822,WEMIX-USD
3/19/2021 0:00,0.457374007,0.457374007,0.438378006,0.508145988,0.461943001,7865354,WEMIX-USD
3/20/2021 0:00,0.453236997,0.453236997,0.448884994,0.510721982,0.45867601,7960189,WEMIX-USD
3/21/2021 0:00,0.429030001,0.429030001,0.414646,0.460866004,0.451707989,6298059,WEMIX-USD
3/22/2021 0:00,0.402327001,0.402327001,0.395388991,0.435672998,0.42900601,6433995,WEMIX-USD
3/23/2021 0:00,0.385271996,0.385271996,0.337397993,0.412640005,0.402323008,6116094,WEMIX-USD
3/24/2021 0:00,0.419728011,0.419728011,0.377108991,0.476882011,0.38478601,6821698,WEMIX-USD
3/25/2021 0:00,0.416081011,0.416081011,0.396881014,0.442330003,0.419665992,5465823,WEMIX-USD
3/26/2021 0:00,0.440434992,0.440434992,0.408611,0.440434992,0.416081011,5190875,WEMIX-USD
3/27/2021 0:00,0.550396025,0.550396025,0.434394985,0.657028973,0.440405995,33638884,WEMIX-USD
3/28/2021 0:00,0.546297014,0.546297014,0.533761024,0.583639979,0.55320102,7610108,WEMIX-USD
3/29/2021 0:00,0.671926975,0.671926975,0.536770999,0.692888975,0.54628098,12442123,WEMIX-USD
3/30/2021 0:00,0.964877009,0.964877009,0.669389009,1.012022972,0.671927989,31957089,WEMIX-USD
3/31/2021 0:00,0.850485981,0.850485981,0.795984983,0.966347992,0.960694015,13924622,WEMIX-USD
4/1/2021 0:00,1.380648017,1.380648017,0.834622979,1.399140954,0.851992011,30477235,WEMIX-USD
4/2/2021 0:00,1.281924009,1.281924009,1.201653957,1.526553988,1.369922042,18489500,WEMIX-USD
4/3/2021 0:00,0.990556002,0.990556002,0.860010028,1.287513971,1.284381032,19987114,WEMIX-USD
4/4/2021 0:00,1.044952989,1.044952989,0.926622987,1.115867019,0.990550995,11231173,WEMIX-USD
4/5/2021 0:00,0.712437987,0.712437987,0.705424011,1.050639987,1.044165015,1934286,WEMIX-USD
4/6/2021 0:00,0.626682997,0.626682997,0.514245987,0.833463013,0.712481022,2671829,WEMIX-USD
4/7/2021 0:00,0.608515978,0.608515978,0.492464006,0.626751006,0.626751006,2909153,WEMIX-USD
4/8/2021 0:00,0.665322006,0.665322006,0.580107987,0.666363001,0.608527005,2906413,WEMIX-USD
4/9/2021 0:00,0.687866986,0.687866986,0.612417996,0.693485975,0.665310979,2951241,WEMIX-USD
4/10/2021 0:00,0.596472979,0.596472979,0.585209012,0.808142006,0.687857985,2562933,WEMIX-USD
4/11/2021 0:00,0.613506019,0.613506019,0.529011011,0.627622008,0.596480012,2884786,WEMIX-USD
4/12/2021 0:00,0.551644027,0.551644027,0.541154981,0.624938011,0.61343199,2887979,WEMIX-USD
4/13/2021 0:00,0.537011981,0.537011981,0.504904985,0.591809988,0.551665008,644843,WEMIX-USD
4/14/2021 0:00,0.572705984,0.572705984,0.461638987,0.606693029,0.537010014,0,WEMIX-USD
4/15/2021 0:00,0.884718001,0.884718001,0.571797013,1.017886043,0.580165029,0,WEMIX-USD
4/16/2021 0:00,0.685110986,0.685110986,0.651094019,0.881866992,0.881866992,0,WEMIX-USD
4/17/2021 0:00,0.709846973,0.709846973,0.644702017,0.741376996,0.688540995,0,WEMIX-USD
4/18/2021 0:00,0.722783983,0.722783983,0.580532014,0.888176978,0.709849,0,WEMIX-USD
4/19/2021 0:00,0.677212,0.677212,0.672002971,0.787903011,0.723936975,0,WEMIX-USD
4/20/2021 0:00,0.688363016,0.688363016,0.604391992,0.71322602,0.675323009,0,WEMIX-USD
4/21/2021 0:00,0.673880994,0.673880994,0.648473024,0.767984986,0.688358009,0,WEMIX-USD
4/22/2021 0:00,0.601548016,0.601548016,0.551137984,0.74297303,0.677888989,0,WEMIX-USD
4/23/2021 0:00,0.607856989,0.607856989,0.459755003,0.622043014,0.592868984,0,WEMIX-USD
4/24/2021 0:00,0.564171016,0.564171016,0.535402,0.609477997,0.607850015,0,WEMIX-USD
4/25/2021 0:00,0.550327003,0.550327003,0.539148986,0.602119982,0.565985978,0,WEMIX-USD
4/26/2021 0:00,0.647224009,0.647224009,0.550306022,0.656283021,0.550306022,4602805,WEMIX-USD
4/27/2021 0:00,0.669535995,0.669535995,0.632718027,0.686789989,0.647104979,3873085,WEMIX-USD
4/28/2021 0:00,0.649439991,0.649439991,0.590193987,0.675498009,0.669588983,2937419,WEMIX-USD
4/29/2021 0:00,0.632489026,0.632489026,0.604255974,0.654859006,0.649559021,2204733,WEMIX-USD
4/30/2021 0:00,0.623658001,0.623658001,0.608635008,0.633395016,0.628713012,1499067,WEMIX-USD
5/1/2021 0:00,0.629562974,0.629562974,0.620257974,0.651660025,0.623658001,1755177,WEMIX-USD
5/2/2021 0:00,0.635110974,0.635110974,0.612028003,0.649513006,0.628041983,1441987,WEMIX-USD
5/3/2021 0:00,0.643819988,0.643819988,0.630190015,0.664606988,0.630190015,1915268,WEMIX-USD
5/4/2021 0:00,0.60394901,0.60394901,0.60394901,0.663945019,0.638822973,2950675,WEMIX-USD
5/5/2021 0:00,0.603392005,0.603392005,0.58911401,0.629721999,0.605086029,2169614,WEMIX-USD
5/6/2021 0:00,0.571675003,0.571675003,0.57099098,0.630578995,0.603123009,3075196,WEMIX-USD
5/7/2021 0:00,0.584022999,0.584022999,0.535524011,0.658868015,0.571664989,3334249,WEMIX-USD
5/8/2021 0:00,0.575487018,0.575487018,0.551766992,0.610617995,0.583664,1716026,WEMIX-USD
5/9/2021 0:00,0.579530001,0.579530001,0.562458992,0.590399981,0.575487018,1147102,WEMIX-USD
5/10/2021 0:00,0.563317001,0.563317001,0.556649983,0.603832006,0.579530001,1473563,WEMIX-USD
5/11/2021 0:00,0.570138991,0.570138991,0.54589498,0.575047016,0.564391017,1157975,WEMIX-USD
5/12/2021 0:00,0.512005985,0.512005985,0.512005985,0.592848003,0.569957972,1675752,WEMIX-USD
5/13/2021 0:00,0.529689014,0.529689014,0.471736997,0.559449017,0.507641017,1709123,WEMIX-USD
5/14/2021 0:00,0.531617999,0.531617999,0.509847999,0.552935004,0.526914001,1750687,WEMIX-USD
5/15/2021 0:00,0.492561013,0.492561013,0.489187986,0.535524011,0.531617999,845136,WEMIX-USD
5/16/2021 0:00,0.496567994,0.496567994,0.468439013,0.522741973,0.489986986,967087,WEMIX-USD
5/17/2021 0:00,0.453916997,0.453916997,0.394903004,0.50750798,0.489645004,2200246,WEMIX-USD
5/18/2021 0:00,0.456607997,0.456607997,0.440400988,0.467951,0.453945994,825446,WEMIX-USD
5/19/2021 0:00,0.366369992,0.366369992,0.311742991,0.463470012,0.459277004,1831240,WEMIX-USD
5/20/2021 0:00,0.368479013,0.368479013,0.336450994,0.391647995,0.362094015,546556,WEMIX-USD
5/21/2021 0:00,0.341376007,0.341376007,0.310341001,0.39933899,0.36797601,1148625,WEMIX-USD
5/22/2021 0:00,0.328074992,0.328074992,0.288439989,0.352813989,0.341376007,975692,WEMIX-USD
5/23/2021 0:00,0.231602997,0.231602997,0.191880003,0.347404987,0.323819011,1404457,WEMIX-USD
5/24/2021 0:00,0.299616992,0.299616992,0.214463994,0.306171,0.231602997,861693,WEMIX-USD
5/25/2021 0:00,0.305243999,0.305243999,0.280624002,0.325814009,0.301741004,1012376,WEMIX-USD
5/26/2021 0:00,0.333142012,0.333142012,0.290500998,0.333142012,0.305494994,423887,WEMIX-USD
5/27/2021 0:00,0.326211005,0.326211005,0.309248,0.357264996,0.332446992,1258118,WEMIX-USD
5/28/2021 0:00,0.290881991,0.290881991,0.285676003,0.328296006,0.327021003,697369,WEMIX-USD
5/29/2021 0:00,0.271041006,0.271041006,0.259640008,0.314220011,0.291779011,408474,WEMIX-USD
5/30/2021 0:00,0.280108005,0.280108005,0.254970014,0.293572009,0.270233005,375897,WEMIX-USD
5/31/2021 0:00,0.299555004,0.299555004,0.256042987,0.310373992,0.280916005,593054,WEMIX-USD
6/1/2021 0:00,0.282328993,0.282328993,0.265976012,0.300657004,0.299551994,372344,WEMIX-USD
6/2/2021 0:00,0.279929996,0.279929996,0.270610005,0.28528899,0.282323986,213125,WEMIX-USD
6/3/2021 0:00,0.295617998,0.295617998,0.272980988,0.300509989,0.279942006,622404,WEMIX-USD
6/4/2021 0:00,0.280007988,0.280007988,0.268664002,0.301797986,0.297417015,533722,WEMIX-USD
6/5/2021 0:00,0.27055499,0.27055499,0.267764002,0.287211001,0.280007988,190138,WEMIX-USD
6/6/2021 0:00,0.27550599,0.27550599,0.270464987,0.282077998,0.27055499,200939,WEMIX-USD
6/7/2021 0:00,0.252301008,0.252301008,0.252182007,0.280907005,0.27550599,672558,WEMIX-USD
6/8/2021 0:00,0.236183003,0.236183003,0.214938998,0.260838002,0.252258003,772099,WEMIX-USD
6/9/2021 0:00,0.247080997,0.247080997,0.226423994,0.250914007,0.236183003,569885,WEMIX-USD
6/10/2021 0:00,0.245433003,0.245433003,0.239264995,0.254723012,0.247012004,511200,WEMIX-USD
6/11/2021 0:00,0.224800006,0.224800006,0.210578993,0.252375007,0.246312007,528047,WEMIX-USD
6/12/2021 0:00,0.201602995,0.201602995,0.196228996,0.225694999,0.224800006,358292,WEMIX-USD
6/13/2021 0:00,0.208767995,0.208767995,0.190944999,0.211723,0.201602995,152821,WEMIX-USD
6/14/2021 0:00,0.211873993,0.211873993,0.204274997,0.225569993,0.208767995,190888,WEMIX-USD
6/15/2021 0:00,0.226736993,0.226736993,0.213721007,0.245934993,0.227155,612795,WEMIX-USD
6/16/2021 0:00,0.211834997,0.211834997,0.201501995,0.245894,0.239841998,521509,WEMIX-USD
6/17/2021 0:00,0.206532001,0.206532001,0.203297004,0.216125995,0.211822003,335145,WEMIX-USD
6/18/2021 0:00,0.203480005,0.203480005,0.193562001,0.208827004,0.206524998,274553,WEMIX-USD
6/19/2021 0:00,0.194670007,0.194670007,0.189563006,0.205593005,0.203480005,155623,WEMIX-USD
6/20/2021 0:00,0.187623993,0.187623993,0.180400997,0.197311997,0.194670007,317775,WEMIX-USD
6/21/2021 0:00,0.152285993,0.152285993,0.148469999,0.187856004,0.187623993,406934,WEMIX-USD
6/22/2021 0:00,0.142919004,0.142919004,0.127541006,0.157939002,0.152291998,362021,WEMIX-USD
6/23/2021 0:00,0.154235005,0.154235005,0.141172007,0.160916999,0.142920002,270410,WEMIX-USD
6/24/2021 0:00,0.182016,0.182016,0.153659999,0.190275997,0.158794001,524509,WEMIX-USD
6/25/2021 0:00,0.163222,0.163222,0.162955999,0.185146004,0.182016,328103,WEMIX-USD
6/26/2021 0:00,0.162341997,0.162341997,0.152578995,0.167744994,0.163222998,229098,WEMIX-USD
6/27/2021 0:00,0.169433996,0.169433996,0.158703998,0.181577995,0.162341997,304911,WEMIX-USD
6/28/2021 0:00,0.178758994,0.178758994,0.166906998,0.179560006,0.169434994,360822,WEMIX-USD
6/29/2021 0:00,0.199290007,0.199290007,0.177784994,0.208087996,0.178762004,648031,WEMIX-USD
6/30/2021 0:00,0.186637998,0.186637998,0.176844001,0.199291006,0.199266002,360029,WEMIX-USD
7/1/2021 0:00,0.181584999,0.181584999,0.175219998,0.191422999,0.186649993,285170,WEMIX-USD
7/2/2021 0:00,0.182179004,0.182179004,0.173078999,0.183950007,0.183346003,320803,WEMIX-USD
7/3/2021 0:00,0.183337003,0.183337003,0.177846998,0.188458994,0.182179004,207395,WEMIX-USD
7/4/2021 0:00,0.193231001,0.193231001,0.183070004,0.196235999,0.183336005,317265,WEMIX-USD
7/5/2021 0:00,0.198129997,0.198129997,0.187667996,0.233574003,0.193231001,22064479,WEMIX-USD
7/6/2021 0:00,0.202349007,0.202349007,0.194317997,0.214854002,0.197329,30336722,WEMIX-USD
7/7/2021 0:00,0.199461997,0.199461997,0.196263999,0.211113006,0.202260002,31068542,WEMIX-USD
7/8/2021 0:00,0.179471999,0.179471999,0.177019,0.201222003,0.199039996,916850,WEMIX-USD
7/9/2021 0:00,0.176372007,0.176372007,0.171606004,0.181933999,0.179703996,577073,WEMIX-USD
7/10/2021 0:00,0.170001999,0.170001999,0.169477999,0.183356002,0.177245006,364887,WEMIX-USD
7/11/2021 0:00,0.169496998,0.169496998,0.167645007,0.174977005,0.170001999,322774,WEMIX-USD
7/12/2021 0:00,0.170022994,0.170022994,0.165380999,0.173495993,0.169409007,444574,WEMIX-USD
7/13/2021 0:00,0.161764994,0.161764994,0.158869997,0.172264993,0.170110002,404085,WEMIX-USD
7/14/2021 0:00,0.160784006,0.160784006,0.150775999,0.164734006,0.159759998,577428,WEMIX-USD
7/15/2021 0:00,0.164744005,0.164744005,0.160362005,0.195364997,0.160959005,1423962,WEMIX-USD
7/16/2021 0:00,0.161051005,0.161051005,0.161051005,0.172020003,0.165636003,522271,WEMIX-USD
7/17/2021 0:00,0.159306005,0.159306005,0.158341005,0.167177007,0.160877004,270948,WEMIX-USD
7/18/2021 0:00,0.163675994,0.163675994,0.157730997,0.171553001,0.159306005,374537,WEMIX-USD
7/19/2021 0:00,0.156204998,0.156204998,0.152262002,0.181830004,0.163675994,514567,WEMIX-USD
7/20/2021 0:00,0.152463004,0.152463004,0.145779997,0.160361007,0.155598998,446225,WEMIX-USD
7/21/2021 0:00,0.162656993,0.162656993,0.150149003,0.168854997,0.152463004,551355,WEMIX-USD
7/22/2021 0:00,0.159895003,0.159895003,0.158656001,0.165013999,0.162663996,267834,WEMIX-USD
7/23/2021 0:00,0.166656002,0.166656002,0.159880996,0.170681,0.159899995,332727,WEMIX-USD
7/24/2021 0:00,0.170386001,0.170386001,0.165004,0.172729,0.166656002,497786,WEMIX-USD
7/25/2021 0:00,0.171865001,0.171865001,0.166219994,0.172380999,0.170386001,293514,WEMIX-USD
7/26/2021 0:00,0.171678007,0.171678007,0.169859007,0.189770997,0.171865001,727337,WEMIX-USD
7/27/2021 0:00,0.177571997,0.177571997,0.163917005,0.186488003,0.171693996,477215,WEMIX-USD
7/28/2021 0:00,0.179061994,0.179061994,0.173869997,0.185132995,0.177571997,352442,WEMIX-USD
7/29/2021 0:00,0.196085006,0.196085006,0.173121005,0.198448002,0.179070994,601346,WEMIX-USD
7/30/2021 0:00,0.217112005,0.217112005,0.192264006,0.221365005,0.197791994,1421634,WEMIX-USD
7/31/2021 0:00,0.241152003,0.241152003,0.213552997,0.241152003,0.217024997,786933,WEMIX-USD
8/1/2021 0:00,0.228305995,0.228305995,0.226657003,0.249224007,0.241760001,804350,WEMIX-USD
8/2/2021 0:00,0.219549999,0.219549999,0.216405004,0.229212999,0.228305995,512501,WEMIX-USD
8/3/2021 0:00,0.209552005,0.209552005,0.196649998,0.221871004,0.219548002,745611,WEMIX-USD
8/4/2021 0:00,0.227055997,0.227055997,0.206762999,0.227590993,0.209386006,624858,WEMIX-USD
8/5/2021 0:00,0.215250999,0.215250999,0.206851006,0.230417997,0.227060005,654752,WEMIX-USD
8/6/2021 0:00,0.236488998,0.236488998,0.213387996,0.254767001,0.215256006,759668,WEMIX-USD
8/7/2021 0:00,0.246913999,0.246913999,0.236444995,0.270520002,0.236488,1315411,WEMIX-USD
8/8/2021 0:00,0.237448007,0.237448007,0.235703006,0.254676998,0.246913999,706286,WEMIX-USD
8/9/2021 0:00,0.241519004,0.241519004,0.232183993,0.247358993,0.238146007,578323,WEMIX-USD
8/10/2021 0:00,0.252310991,0.252310991,0.234843999,0.259568006,0.241501004,735761,WEMIX-USD
8/11/2021 0:00,0.293938011,0.293938011,0.252276003,0.311423987,0.252326012,2117461,WEMIX-USD
8/12/2021 0:00,0.374868989,0.374868989,0.289754987,0.37717101,0.296373993,4669146,WEMIX-USD
8/13/2021 0:00,0.497251987,0.497251987,0.37489,0.541983008,0.37489,11023840,WEMIX-USD
8/14/2021 0:00,0.453891009,0.453891009,0.415179998,0.529941976,0.497251987,4653182,WEMIX-USD
8/15/2021 0:00,0.457495004,0.457495004,0.430059999,0.467388004,0.455094993,1981445,WEMIX-USD
8/16/2021 0:00,0.539502978,0.539502978,0.442737013,0.594962001,0.457495004,5688164,WEMIX-USD
8/17/2021 0:00,0.504902005,0.504902005,0.497180998,0.611976981,0.533290029,9617290,WEMIX-USD
8/18/2021 0:00,0.587526977,0.587526977,0.484317988,0.59760797,0.509571016,5056762,WEMIX-USD
8/19/2021 0:00,0.581947982,0.581947982,0.526242971,0.591704011,0.591114998,4135315,WEMIX-USD
8/20/2021 0:00,0.573046029,0.573046029,0.55596602,0.596195996,0.584011972,3124856,WEMIX-USD
8/21/2021 0:00,0.559756994,0.559756994,0.553130984,0.577807009,0.571685016,1729967,WEMIX-USD
8/22/2021 0:00,0.612617016,0.612617016,0.543251991,0.643135011,0.55746001,3644965,WEMIX-USD
8/23/2021 0:00,0.642170012,0.642170012,0.605508029,0.65633899,0.612617016,4497989,WEMIX-USD
8/24/2021 0:00,0.538534999,0.538534999,0.532379985,0.649703026,0.642170012,4322125,WEMIX-USD
8/25/2021 0:00,0.58713001,0.58713001,0.502686977,0.592548013,0.536817014,3951795,WEMIX-USD
8/26/2021 0:00,0.569678009,0.569678009,0.549606979,0.668929994,0.587203979,9946643,WEMIX-USD
8/27/2021 0:00,0.570737004,0.570737004,0.526416004,0.608681023,0.56950599,5165625,WEMIX-USD
8/28/2021 0:00,0.539413989,0.539413989,0.519198,0.585186005,0.567812026,3344980,WEMIX-USD
8/29/2021 0:00,0.555667996,0.555667996,0.510941029,0.563526988,0.538984001,3012812,WEMIX-USD
8/30/2021 0:00,0.562353015,0.562353015,0.529955029,0.639518023,0.55497998,9993180,WEMIX-USD
8/31/2021 0:00,0.561470985,0.561470985,0.545493007,0.587747991,0.56595403,3930772,WEMIX-USD
9/1/2021 0:00,0.644037008,0.644037008,0.552546024,0.644123971,0.560600996,4895048,WEMIX-USD
9/2/2021 0:00,0.603537023,0.603537023,0.59275198,0.641875029,0.641875029,4167413,WEMIX-USD
9/3/2021 0:00,0.696336985,0.696336985,0.592624009,0.839417994,0.603477001,21558826,WEMIX-USD
9/4/2021 0:00,0.840768993,0.840768993,0.693754971,0.857312977,0.695088983,8390900,WEMIX-USD
9/5/2021 0:00,1.061956048,1.061956048,0.814908981,1.061956048,0.843632996,18074770,WEMIX-USD
9/6/2021 0:00,1.197325945,1.197325945,0.977508008,1.205382943,1.058550954,15485793,WEMIX-USD
9/7/2021 0:00,1.266044974,1.266044974,0.861364007,1.605286002,1.19777298,80315108,WEMIX-USD
9/8/2021 0:00,1.208408952,1.208408952,0.988461971,1.332304001,1.275416017,35020154,WEMIX-USD
9/9/2021 0:00,1.241302013,1.241302013,1.138087988,1.457434058,1.248522997,34434802,WEMIX-USD
9/10/2021 0:00,1.14546597,1.14546597,1.078652024,1.278833032,1.252038956,20957194,WEMIX-USD
9/11/2021 0:00,1.191812038,1.191812038,1.120615959,1.282663941,1.162544012,13243612,WEMIX-USD
9/12/2021 0:00,1.199620008,1.199620008,1.169913054,1.269557953,1.191800952,9878620,WEMIX-USD
9/13/2021 0:00,1.088966966,1.088966966,1.06675303,1.212532043,1.198114991,16004037,WEMIX-USD
9/14/2021 0:00,1.248239994,1.248239994,1.087721944,1.256682992,1.095860004,18563589,WEMIX-USD
9/15/2021 0:00,1.243909955,1.243909955,1.198140979,1.257565022,1.249744058,12159798,WEMIX-USD
9/16/2021 0:00,1.560142994,1.560142994,1.222419977,1.629909039,1.243826032,35779989,WEMIX-USD
9/17/2021 0:00,1.699471951,1.699471951,1.543166041,1.815520048,1.554244995,50771799,WEMIX-USD
9/18/2021 0:00,2.959225893,2.959225893,1.686522961,3.01789093,1.702051044,121053293,WEMIX-USD
9/19/2021 0:00,2.385535002,2.385535002,2.385535002,2.941714048,2.932708979,118564696,WEMIX-USD
9/20/2021 0:00,1.82713604,1.82713604,1.679841042,2.520519018,2.423155069,156846614,WEMIX-USD
9/21/2021 0:00,1.796772003,1.796772003,1.647040963,2.239753962,1.824409008,76807389,WEMIX-USD
9/22/2021 0:00,2.185417891,2.185417891,1.753749967,2.238945007,1.797585964,53687034,WEMIX-USD
9/23/2021 0:00,2.10512495,2.10512495,1.963328958,2.184035063,2.168073893,34683523,WEMIX-USD
9/24/2021 0:00,1.882302999,1.882302999,1.756129026,2.160378933,2.111696005,45463026,WEMIX-USD
9/25/2021 0:00,1.794384003,1.794384003,1.777169943,1.920922041,1.888779044,20746783,WEMIX-USD
9/26/2021 0:00,1.49369204,1.49369204,1.403066993,1.810508966,1.795137048,59657779,WEMIX-USD
9/27/2021 0:00,1.022959948,1.022959948,1.013262033,1.541839004,1.486410975,62443733,WEMIX-USD
9/28/2021 0:00,1.202021956,1.202021956,0.998196006,1.42137897,1.01798296,75888549,WEMIX-USD
9/29/2021 0:00,1.297770977,1.297770977,1.188817978,1.378201962,1.20201695,27551358,WEMIX-USD
9/30/2021 0:00,1.266003013,1.266003013,1.22023201,1.315713048,1.302541018,27412818,WEMIX-USD
10/1/2021 0:00,2.053189039,2.053189039,1.263743043,2.107848883,1.263743043,95619652,WEMIX-USD
10/2/2021 0:00,1.724570036,1.724570036,1.635512948,2.063071012,2.053985119,73520136,WEMIX-USD
10/3/2021 0:00,1.967921019,1.967921019,1.680441022,1.975523949,1.723788023,46728651,WEMIX-USD
10/4/2021 0:00,1.956959963,1.956959963,1.853626013,2.060398102,1.975916982,53134611,WEMIX-USD
10/5/2021 0:00,1.854576945,1.854576945,1.841297984,2.133810043,1.969946027,43750733,WEMIX-USD
10/6/2021 0:00,1.866989017,1.866989017,1.677714944,1.945631027,1.855365992,34909539,WEMIX-USD
10/7/2021 0:00,1.871250033,1.871250033,1.804188967,1.912050009,1.868741989,16789607,WEMIX-USD
10/8/2021 0:00,1.73763597,1.73763597,1.731222034,1.889366984,1.87410295,16207478,WEMIX-USD
10/9/2021 0:00,1.728219032,1.728219032,1.531756997,1.762748957,1.733744979,26633260,WEMIX-USD
10/10/2021 0:00,1.555016994,1.555016994,1.541996956,1.723592043,1.723592043,13893027,WEMIX-USD
10/11/2021 0:00,1.506343007,1.506343007,1.434093952,1.59307301,1.554929018,17096958,WEMIX-USD
10/12/2021 0:00,1.640323043,1.640323043,1.394410968,1.780801058,1.492336988,32401438,WEMIX-USD
10/13/2021 0:00,1.612645984,1.612645984,1.580736041,1.659775019,1.639492989,11782216,WEMIX-USD
10/14/2021 0:00,1.907735944,1.907735944,1.608659029,1.911278963,1.613338947,35839313,WEMIX-USD
10/15/2021 0:00,1.71805203,1.71805203,1.708430052,1.902019978,1.90063405,26711539,WEMIX-USD
10/16/2021 0:00,1.705754995,1.705754995,1.66980803,1.774077058,1.71498704,14585107,WEMIX-USD
10/17/2021 0:00,1.779873013,1.779873013,1.688408017,1.828212023,1.706390977,14109107,WEMIX-USD
10/18/2021 0:00,1.789484024,1.789484024,1.717316031,1.813637972,1.779870987,14727233,WEMIX-USD
10/19/2021 0:00,1.95578599,1.95578599,1.780853033,1.988970041,1.788737059,29396897,WEMIX-USD
10/20/2021 0:00,2.070288897,2.070288897,1.906502962,2.071521997,1.952921987,26110346,WEMIX-USD
10/21/2021 0:00,2.489238977,2.489238977,2.07192111,2.609148979,2.07192111,64526774,WEMIX-USD
10/22/2021 0:00,2.620018005,2.620018005,2.333775043,2.790406942,2.508547068,65814173,WEMIX-USD
10/23/2021 0:00,2.564268112,2.564268112,2.504869938,2.652638912,2.620018005,20293544,WEMIX-USD
10/24/2021 0:00,2.723479033,2.723479033,2.376317978,2.851449966,2.5666821,34919348,WEMIX-USD
10/25/2021 0:00,3.624095917,3.624095917,2.632169008,3.636132002,2.728370905,94402571,WEMIX-USD
10/26/2021 0:00,4.024041176,4.024041176,3.491956949,4.232419014,3.615861893,113841912,WEMIX-USD
10/27/2021 0:00,4.181899071,4.181899071,3.249550104,4.570107937,4.012343884,178179348,WEMIX-USD
10/28/2021 0:00,4.901483059,4.901483059,3.858664989,4.913360119,4.150030136,102892865,WEMIX-USD
10/29/2021 0:00,6.749825001,6.749825001,4.792934895,6.799238205,4.880243778,335674734,WEMIX-USD
10/30/2021 0:00,6.312795162,6.312795162,5.952858925,6.788229942,6.766159058,145551776,WEMIX-USD
10/31/2021 0:00,6.487277985,6.487277985,5.607964039,6.763309002,6.320881844,115645772,WEMIX-USD
11/1/2021 0:00,6.364550114,6.364550114,6.009202003,6.599125862,6.483310223,63436799,WEMIX-USD
11/2/2021 0:00,5.761427879,5.761427879,4.940855026,6.37050581,6.368441105,113352812,WEMIX-USD
11/3/2021 0:00,5.957696915,5.957696915,5.681337833,6.324411869,5.729850769,79818646,WEMIX-USD
11/4/2021 0:00,5.642140865,5.642140865,5.100419998,5.991786003,5.968486786,75827171,WEMIX-USD
11/5/2021 0:00,5.632511139,5.632511139,5.353312016,5.976913929,5.621979237,53979450,WEMIX-USD
11/6/2021 0:00,5.582715034,5.582715034,5.394295216,5.649634838,5.632518768,29007468,WEMIX-USD
11/7/2021 0:00,6.228794098,6.228794098,5.503419876,6.289896965,5.583808899,64202848,WEMIX-USD
11/8/2021 0:00,6.033335209,6.033335209,5.971773148,6.272684097,6.248754978,43483317,WEMIX-USD
11/9/2021 0:00,6.25313282,6.25313282,5.841561794,6.260608196,6.04651022,43787198,WEMIX-USD
11/10/2021 0:00,7.452449799,7.452449799,6.029693127,8.157542229,6.241394043,234394044,WEMIX-USD
11/11/2021 0:00,7.565351009,7.565351009,6.896565914,8.165581703,7.464487076,133962549,WEMIX-USD
11/12/2021 0:00,7.114467144,7.114467144,7.088252068,7.630435944,7.526278973,57735955,WEMIX-USD
11/13/2021 0:00,7.682970047,7.682970047,6.838589191,7.682970047,7.136355877,58364758,WEMIX-USD
11/14/2021 0:00,12.02486992,12.02486992,7.684691906,12.14353561,7.684815884,231682398,WEMIX-USD
11/15/2021 0:00,14.87146282,14.87146282,11.93965912,15.90065289,12.14364624,361580401,WEMIX-USD
11/16/2021 0:00,13.51193905,13.51193905,10.81156731,15.71891499,14.97355938,303256597,WEMIX-USD
11/17/2021 0:00,17.72424126,17.72424126,12.48684502,18.83608246,13.53892136,256663239,WEMIX-USD
11/18/2021 0:00,14.90787029,14.90787029,13.47189045,17.84662437,17.75554466,239927929,WEMIX-USD
11/19/2021 0:00,17.58996201,17.58996201,14.41193485,18.2469101,14.8410244,189584886,WEMIX-USD
11/20/2021 0:00,19.6210041,19.6210041,17.34269524,19.94627571,17.62257385,139355219,WEMIX-USD
11/21/2021 0:00,24.20326233,24.20326233,19.47963524,24.67793083,19.59806061,346107930,WEMIX-USD
11/22/2021 0:00,21.24615288,21.24615288,19.67357254,24.50299454,24.28190804,315075627,WEMIX-USD
11/23/2021 0:00,21.15169144,21.15169144,16.58049583,23.63597107,21.0626297,440307154,WEMIX-USD
11/24/2021 0:00,19.63825798,19.63825798,18.6364212,22.05784607,21.15128517,419007488,WEMIX-USD
11/25/2021 0:00,17.35435295,17.35435295,14.43551064,19.3989048,19.33641434,250890592,WEMIX-USD
11/26/2021 0:00,15.57767868,15.57767868,14.80939579,18.83462524,18.83462524,237142344,WEMIX-USD
11/27/2021 0:00,17.03400612,17.03400612,14.67650414,17.42285728,15.58352184,114680922,WEMIX-USD
11/28/2021 0:00,16.5945282,16.5945282,14.67440319,17.12167549,17.02776909,110981917,WEMIX-USD
11/29/2021 0:00,19.16460037,19.16460037,16.53142738,19.98389435,16.60245132,225250517,WEMIX-USD
11/30/2021 0:00,16.69527817,16.69527817,16.48722649,19.26925278,19.15893555,161080966,WEMIX-USD
12/1/2021 0:00,15.55973911,15.55973911,15.07711792,17.01166725,16.71092415,88910632,WEMIX-USD
12/2/2021 0:00,14.17789745,14.17789745,10.5402174,15.66895294,15.5590353,244183239,WEMIX-USD
12/3/2021 0:00,13.15006733,13.15006733,12.17465019,15.79021835,14.242589,155077123,WEMIX-USD
12/4/2021 0:00,11.79262066,11.79262066,9.732146263,13.20462894,13.1259594,275258767,WEMIX-USD
12/5/2021 0:00,10.77395439,10.77395439,10.16554928,12.9779768,11.78836155,111372839,WEMIX-USD
12/6/2021 0:00,10.66008091,10.66008091,8.07505703,10.89903831,10.72657394,263172480,WEMIX-USD
12/7/2021 0:00,9.69174099,9.69174099,8.929121971,10.73318577,10.61927223,129056390,WEMIX-USD
12/8/2021 0:00,12.67854881,12.67854881,9.567881584,13.08777809,9.683320999,162374327,WEMIX-USD
12/9/2021 0:00,10.29452133,10.29452133,10.29452133,12.93072128,12.66069698,123971752,WEMIX-USD
12/10/2021 0:00,9.83016777,9.83016777,9.794593811,11.42357731,10.24578381,103924227,WEMIX-USD
12/11/2021 0:00,10.1802063,10.1802063,9.662976265,10.9863739,9.823993683,41900551,WEMIX-USD
12/12/2021 0:00,9.612202644,9.612202644,9.612202644,10.26067066,10.192173,46593632,WEMIX-USD
12/13/2021 0:00,8.351589203,8.351589203,8.125720978,10.12050629,9.620497704,105196095,WEMIX-USD
12/14/2021 0:00,8.99048233,8.99048233,8.290211678,9.741038322,8.327162743,93684051,WEMIX-USD
12/15/2021 0:00,9.523453712,9.523453712,7.854056835,10.26397038,8.992635727,95293756,WEMIX-USD
12/16/2021 0:00,9.053983688,9.053983688,8.958823204,10.21592331,9.513694763,71015040,WEMIX-USD
12/17/2021 0:00,9.316745758,9.316745758,8.504162788,9.791657448,9.055451393,49265244,WEMIX-USD
12/18/2021 0:00,9.203763962,9.203763962,8.670049667,9.659611702,9.2849226,31262833,WEMIX-USD
12/19/2021 0:00,8.574591637,8.574591637,8.415037155,9.295369148,9.211403847,31500087,WEMIX-USD
12/20/2021 0:00,8.794805527,8.794805527,8.00026226,8.969923019,8.615373611,56242891,WEMIX-USD
12/21/2021 0:00,9.922289848,9.922289848,8.514752388,10.02911758,8.793791771,69902200,WEMIX-USD
12/22/2021 0:00,11.38300705,11.38300705,9.795052528,11.80434418,9.923453331,133929307,WEMIX-USD
12/23/2021 0:00,11.42276287,11.42276287,10.60712242,11.70715332,11.3862133,86262503,WEMIX-USD
12/24/2021 0:00,10.03316689,10.03316689,10.02669907,11.90483379,11.42690182,73422624,WEMIX-USD
12/25/2021 0:00,10.86195946,10.86195946,9.984897614,11.04308605,10.00925064,45952099,WEMIX-USD
12/26/2021 0:00,10.93418598,10.93418598,10.32852459,11.04939079,10.86199379,32317011,WEMIX-USD
12/27/2021 0:00,10.81904697,10.81904697,10.41727161,11.04596615,10.94823265,32933519,WEMIX-USD
12/28/2021 0:00,10.5228548,10.5228548,10.49916935,10.93860435,10.83814526,32389590,WEMIX-USD
12/29/2021 0:00,10.72344208,10.72344208,10.40062141,11.61066818,10.53873444,63140242,WEMIX-USD
12/30/2021 0:00,9.778568268,9.778568268,9.61704731,10.73836899,10.70709896,47300251,WEMIX-USD
12/31/2021 0:00,9.503296852,9.503296852,9.156123161,10.0614624,9.77247715,61328449,WEMIX-USD
1/1/2022 0:00,10.01073647,10.01073647,9.48182106,10.01073647,9.502387047,17239726,WEMIX-USD
1/2/2022 0:00,10.33639812,10.33639812,9.842885971,10.4387989,10.00951862,23634373,WEMIX-USD
1/3/2022 0:00,9.520745277,9.520745277,9.435317039,10.40149021,10.33659172,32824862,WEMIX-USD
1/4/2022 0:00,9.153183937,9.153183937,9.125369072,9.581586838,9.488201141,42086550,WEMIX-USD
1/5/2022 0:00,8.282759666,8.282759666,8.017706871,9.541904449,9.155049324,69584114,WEMIX-USD
1/6/2022 0:00,7.950233936,7.950233936,7.387965202,8.527237892,8.280421257,119841371,WEMIX-USD
1/7/2022 0:00,6.510406017,6.510406017,6.506475925,8.063988686,7.95278883,106198749,WEMIX-USD
1/8/2022 0:00,6.321606159,6.321606159,5.963794231,6.75988102,6.510369778,100672311,WEMIX-USD
1/9/2022 0:00,5.664377213,5.664377213,5.123991013,6.472595215,6.320081234,98457356,WEMIX-USD
1/10/2022 0:00,4.946174145,4.946174145,3.969474077,5.905927181,5.660418034,288296987,WEMIX-USD
1/11/2022 0:00,7.13436985,7.13436985,4.572906971,9.54916954,4.946307182,1265295260,WEMIX-USD
1/12/2022 0:00,7.951171875,7.951171875,6.929186821,8.52959919,7.130942822,1151392063,WEMIX-USD
1/13/2022 0:00,6.814754963,6.814754963,6.720458984,7.992732048,7.950503826,349373085,WEMIX-USD
1/14/2022 0:00,6.686542034,6.686542034,6.261069775,7.001647949,6.853438854,287284755,WEMIX-USD
1/15/2022 0:00,6.441427231,6.441427231,6.399627209,6.709292889,6.69299221,68320079,WEMIX-USD
1/16/2022 0:00,6.032645226,6.032645226,6.000733852,6.442669868,6.442669868,94841619,WEMIX-USD
1/17/2022 0:00,6.227889061,6.227889061,5.900319099,6.481181145,6.031608105,180694369,WEMIX-USD
1/18/2022 0:00,5.791766167,5.791766167,5.567062855,6.227006912,6.227006912,152426254,WEMIX-USD
1/19/2022 0:00,5.336763859,5.336763859,5.177020073,5.87390995,5.796607018,108477325,WEMIX-USD
1/20/2022 0:00,5.108102798,5.108102798,5.100224018,5.686375141,5.34276104,76791077,WEMIX-USD
1/21/2022 0:00,4.444780827,4.444780827,4.400173187,5.370578766,5.112217903,98880081,WEMIX-USD
1/22/2022 0:00,4.167521,4.167521,3.650017977,4.471466064,4.448737144,108076779,WEMIX-USD
1/23/2022 0:00,4.823797226,4.823797226,4.177075863,4.897277832,4.177075863,180452097,WEMIX-USD
1/24/2022 0:00,4.866868973,4.866868973,4.105879784,4.896382809,4.824642181,112067051,WEMIX-USD
1/25/2022 0:00,5.43260479,5.43260479,4.488914967,5.507041931,4.866612911,173961601,WEMIX-USD
1/26/2022 0:00,5.570477962,5.570477962,5.211778164,6.028364182,5.433906078,267436840,WEMIX-USD
1/27/2022 0:00,5.618044853,5.618044853,5.206700802,5.714786053,5.56820488,114307126,WEMIX-USD
1/28/2022 0:00,6.540960789,6.540960789,5.305559158,7.089513779,5.607316017,704960170,WEMIX-USD
1/29/2022 0:00,6.532225132,6.532225132,6.255857944,6.951261044,6.517818928,253747932,WEMIX-USD
1/30/2022 0:00,6.309613228,6.309613228,6.173448086,6.56619978,6.560324192,102928035,WEMIX-USD
1/31/2022 0:00,6.153210163,6.153210163,5.799729824,6.323114872,6.301298141,103214164,WEMIX-USD
2/1/2022 0:00,6.060702801,6.060702801,5.95679903,6.174897194,6.156023979,51043732,WEMIX-USD
2/2/2022 0:00,5.708892822,5.708892822,5.638088226,6.397965908,6.058485031,143313459,WEMIX-USD
2/3/2022 0:00,5.701482773,5.701482773,5.436917782,5.954905033,5.746113777,79468482,WEMIX-USD
2/4/2022 0:00,6.220920086,6.220920086,5.68803215,6.235150814,5.736053944,158933847,WEMIX-USD
2/5/2022 0:00,6.267531872,6.267531872,6.068736076,6.415855885,6.22666502,122363998,WEMIX-USD
2/6/2022 0:00,6.483885765,6.483885765,6.189702034,6.613839149,6.25953722,136000582,WEMIX-USD
2/7/2022 0:00,6.474810123,6.474810123,6.202815056,6.566521168,6.473436832,113381167,WEMIX-USD
2/8/2022 0:00,6.799095154,6.799095154,6.056734085,6.950763226,6.473369122,300498938,WEMIX-USD
2/9/2022 0:00,6.760038853,6.760038853,6.570253849,8.24915123,6.790183067,738192814,WEMIX-USD
2/10/2022 0:00,6.186417103,6.186417103,6.186417103,6.940004826,6.75508213,250834657,WEMIX-USD
2/11/2022 0:00,5.626438141,5.626438141,5.495410919,6.439127922,6.193445206,133966521,WEMIX-USD
2/12/2022 0:00,5.585468769,5.585468769,5.252901077,5.726858139,5.624326229,105118641,WEMIX-USD
2/13/2022 0:00,5.45098114,5.45098114,5.374388218,5.789663792,5.585581779,55668212,WEMIX-USD
2/14/2022 0:00,5.423890114,5.423890114,5.355879784,5.651509762,5.438854218,90048499,WEMIX-USD
2/15/2022 0:00,5.879713058,5.879713058,5.42449379,5.905285835,5.42449379,104363015,WEMIX-USD
2/16/2022 0:00,6.055125237,6.055125237,5.800498962,6.310110092,5.874322891,195624954,WEMIX-USD
2/17/2022 0:00,5.630380154,5.630380154,5.620497227,6.105395794,6.056489944,130363512,WEMIX-USD
2/18/2022 0:00,5.668704033,5.668704033,5.531497955,5.842472076,5.607573032,80029292,WEMIX-USD
2/19/2022 0:00,5.637673855,5.637673855,5.382535934,5.731482029,5.682256222,55306868,WEMIX-USD
2/20/2022 0:00,5.328604221,5.328604221,5.144244194,5.643381119,5.643381119,68564070,WEMIX-USD
2/21/2022 0:00,4.736939907,4.736939907,4.691369057,5.464729786,5.333804131,97649729,WEMIX-USD
2/22/2022 0:00,5.176044941,5.176044941,4.682703972,5.261600971,4.739146233,149899809,WEMIX-USD
2/23/2022 0:00,5.353532791,5.353532791,5.162569046,5.599134922,5.162569046,137358188,WEMIX-USD
2/24/2022 0:00,5.53734684,5.53734684,4.870556831,5.646420956,5.330620766,136201643,WEMIX-USD
2/25/2022 0:00,5.618405819,5.618405819,5.260046005,5.649375916,5.544630051,101414733,WEMIX-USD
2/26/2022 0:00,5.517477036,5.517477036,5.39668417,5.649353027,5.62612915,64488843,WEMIX-USD
2/27/2022 0:00,5.288633823,5.288633823,5.243553162,5.538661957,5.524652958,55179665,WEMIX-USD
2/28/2022 0:00,5.462251186,5.462251186,5.291519165,5.603826046,5.318013191,87045786,WEMIX-USD
3/1/2022 0:00,5.609972,5.609972,5.399267197,5.694526196,5.456160069,84704091,WEMIX-USD
3/2/2022 0:00,5.432787895,5.432787895,5.270339966,5.591103077,5.579801083,45974436,WEMIX-USD
3/3/2022 0:00,5.187715054,5.187715054,5.025622845,5.520584106,5.432712078,41608292,WEMIX-USD
3/4/2022 0:00,4.884264946,4.884264946,4.835826874,5.187469959,5.17796278,35171720,WEMIX-USD
3/5/2022 0:00,4.954391956,4.954391956,4.824812889,5.167335987,4.86579895,34420245,WEMIX-USD
3/6/2022 0:00,4.896158218,4.896158218,4.828867912,5.022865772,4.9614048,17952707,WEMIX-USD
3/7/2022 0:00,4.697114944,4.697114944,4.665547848,4.954576969,4.905552864,30034148,WEMIX-USD
3/8/2022 0:00,4.798922062,4.798922062,4.664175987,5.075756073,4.691808224,71350337,WEMIX-USD
3/9/2022 0:00,4.90178299,4.90178299,4.741065979,5.01623106,4.793875217,37437253,WEMIX-USD
3/10/2022 0:00,4.802219868,4.802219868,4.64900589,4.96925211,4.909367085,29313956,WEMIX-USD
3/11/2022 0:00,4.659222126,4.659222126,4.59150219,4.822246075,4.800536156,31717552,WEMIX-USD
3/12/2022 0:00,4.575582981,4.575582981,4.555778027,4.66334486,4.662319183,13302484,WEMIX-USD
3/13/2022 0:00,4.426358223,4.426358223,4.416865826,4.659995079,4.571660995,18824613,WEMIX-USD
3/14/2022 0:00,4.367034912,4.367034912,4.301787853,4.445731163,4.423545837,28394503,WEMIX-USD
3/15/2022 0:00,4.278068066,4.278068066,4.118609905,4.431812763,4.385471821,31153617,WEMIX-USD
3/16/2022 0:00,4.420506001,4.420506001,4.185348034,4.471219063,4.271152973,29714363,WEMIX-USD
3/17/2022 0:00,4.441030979,4.441030979,4.3015728,4.47947979,4.409748077,24947744,WEMIX-USD
3/18/2022 0:00,4.384355068,4.384355068,4.283691883,4.460197926,4.439391136,28818996,WEMIX-USD
3/19/2022 0:00,4.537460804,4.537460804,4.343252182,4.606760025,4.378855228,56010096,WEMIX-USD
3/20/2022 0:00,4.43565321,4.43565321,4.393041134,4.548899174,4.531140804,29056077,WEMIX-USD
3/21/2022 0:00,4.397585869,4.397585869,4.365363121,4.462933064,4.432892799,25805996,WEMIX-USD
3/22/2022 0:00,4.441245079,4.441245079,4.389339924,4.519368172,4.389339924,34523846,WEMIX-USD
3/23/2022 0:00,4.563315868,4.563315868,4.373957157,4.600112915,4.431879997,53231145,WEMIX-USD
3/24/2022 0:00,4.990054131,4.990054131,4.517841816,5.081242085,4.575582981,111811349,WEMIX-USD
3/25/2022 0:00,4.723101139,4.723101139,4.722652912,5.00014019,4.984959126,47343574,WEMIX-USD
3/26/2022 0:00,4.728302002,4.728302002,4.666114807,4.73924017,4.723176003,25267607,WEMIX-USD
3/27/2022 0:00,4.83469677,4.83469677,4.696455002,4.83469677,4.728666782,44859297,WEMIX-USD
3/28/2022 0:00,4.822730064,4.822730064,4.772490025,4.921967983,4.834448814,50394814,WEMIX-USD
3/29/2022 0:00,4.820155144,4.820155144,4.697481155,4.947371006,4.824161053,61276609,WEMIX-USD
3/30/2022 0:00,4.780436039,4.780436039,4.721746922,4.886476994,4.817321777,53562477,WEMIX-USD
3/31/2022 0:00,4.608568192,4.608568192,4.603899956,4.854345798,4.780101776,75936265,WEMIX-USD
4/1/2022 0:00,4.433557034,4.433557034,4.377758026,4.607720852,4.607720852,42148380,WEMIX-USD
4/2/2022 0:00,4.450802803,4.450802803,4.431357861,4.571591854,4.433584213,37400902,WEMIX-USD
4/3/2022 0:00,4.477805138,4.477805138,4.366119862,4.514233112,4.451107025,27765884,WEMIX-USD
4/4/2022 0:00,4.510100842,4.510100842,4.403934956,4.691877842,4.481925964,80674488,WEMIX-USD
4/5/2022 0:00,4.437275887,4.437275887,4.411441803,4.570630074,4.51218605,32762073,WEMIX-USD
4/6/2022 0:00,4.33857584,4.33857584,4.337369919,4.562952042,4.436962128,71839658,WEMIX-USD
4/7/2022 0:00,4.388471127,4.388471127,4.309810162,4.396947861,4.338932991,26006834,WEMIX-USD
4/8/2022 0:00,4.224177837,4.224177837,4.220610142,4.401295185,4.387210846,24843548,WEMIX-USD
4/9/2022 0:00,4.216929913,4.216929913,4.187334061,4.248618126,4.226541996,11769157,WEMIX-USD
4/10/2022 0:00,4.194252968,4.194252968,4.18889904,4.235271931,4.215465069,10936366,WEMIX-USD
4/11/2022 0:00,3.79428196,3.79428196,3.739567995,4.192267895,4.192267895,34246505,WEMIX-USD
4/12/2022 0:00,3.835444927,3.835444927,3.66801405,3.895848989,3.793843985,31367443,WEMIX-USD
4/13/2022 0:00,4.244486809,4.244486809,3.788763046,4.435647964,3.836153984,171382037,WEMIX-USD
4/14/2022 0:00,3.990015984,3.990015984,3.93888998,4.280694008,4.244416237,61843721,WEMIX-USD
4/15/2022 0:00,3.919785023,3.919785023,3.888879061,3.997646093,3.990689993,25475950,WEMIX-USD
4/16/2022 0:00,3.877990007,3.877990007,3.835242987,3.920723915,3.919683933,15975283,WEMIX-USD
4/17/2022 0:00,3.846159935,3.846159935,3.845729113,3.993168116,3.878403902,30100132,WEMIX-USD
4/18/2022 0:00,3.80480504,3.80480504,3.681701899,3.845364094,3.845364094,29234037,WEMIX-USD
4/19/2022 0:00,3.859144926,3.859144926,3.745018005,3.861422062,3.804563046,28681883,WEMIX-USD
4/20/2022 0:00,3.81684494,3.81684494,3.784133911,3.86255002,3.860105991,21414030,WEMIX-USD
4/21/2022 0:00,3.725322008,3.725322008,3.719733,3.855051041,3.816870928,25050232,WEMIX-USD
4/22/2022 0:00,3.659410954,3.659410954,3.656832933,3.757678032,3.725054026,22792866,WEMIX-USD
4/23/2022 0:00,3.601316929,3.601316929,3.592919111,3.668420076,3.65989089,16987235,WEMIX-USD
4/24/2022 0:00,3.661587,3.661587,3.588818073,3.853959084,3.600995064,76233427,WEMIX-USD
4/25/2022 0:00,3.470690012,3.470690012,3.329752922,3.658938885,3.658938885,66640400,WEMIX-USD
4/26/2022 0:00,3.143899918,3.143899918,3.123681068,3.475805044,3.471936941,40932982,WEMIX-USD
4/27/2022 0:00,3.150094032,3.150094032,3.087199926,3.179776907,3.143065929,26512858,WEMIX-USD
4/28/2022 0:00,3.103620052,3.103620052,3.087348938,3.209218979,3.149270058,27078956,WEMIX-USD
4/29/2022 0:00,2.855854988,2.855854988,2.807646036,3.137949944,3.10354805,40547379,WEMIX-USD
4/30/2022 0:00,2.421152115,2.421152115,2.416470051,2.865227938,2.854943991,42546062,WEMIX-USD
5/1/2022 0:00,2.411137104,2.411137104,2.240269899,2.423085928,2.421294928,46960203,WEMIX-USD
5/2/2022 0:00,2.361696005,2.361696005,2.295021057,2.428771973,2.412921906,30468632,WEMIX-USD
5/3/2022 0:00,2.429927111,2.429927111,2.342816114,2.571594,2.362426996,60032899,WEMIX-USD
5/4/2022 0:00,2.610383987,2.610383987,2.369878054,2.612536907,2.432054043,38726097,WEMIX-USD
5/5/2022 0:00,2.332287073,2.332287073,2.289776087,2.730401039,2.610392094,46456815,WEMIX-USD
5/6/2022 0:00,2.388190985,2.388190985,2.301649094,2.455183029,2.331753016,39480049,WEMIX-USD
5/7/2022 0:00,2.301842928,2.301842928,2.286278963,2.397500992,2.387094975,13008650,WEMIX-USD
5/8/2022 0:00,2.241451979,2.241451979,2.225157976,2.306891918,2.302423,18522037,WEMIX-USD
5/9/2022 0:00,1.797544956,1.797544956,1.797544956,2.264955044,2.244178057,34184135,WEMIX-USD
5/10/2022 0:00,1.897585988,1.897585988,1.667276978,2.165230036,1.794623971,81511561,WEMIX-USD
5/11/2022 0:00,1.531373024,1.531373024,1.449084044,2.001100063,1.898563981,68838418,WEMIX-USD
5/12/2022 0:00,1.589730978,1.589730978,1.362861991,1.637209058,1.532313943,65680108,WEMIX-USD
5/13/2022 0:00,1.725083947,1.725083947,1.564985037,1.859709024,1.588480949,43703928,WEMIX-USD
5/14/2022 0:00,1.990476966,1.990476966,1.724480033,2.045154095,1.725193024,57077300,WEMIX-USD
5/15/2022 0:00,2.060190916,2.060190916,1.926633,2.065128088,1.989946961,20876520,WEMIX-USD
5/16/2022 0:00,1.950952053,1.950952053,1.906396985,2.082011938,2.059793949,15571766,WEMIX-USD
5/17/2022 0:00,2.051316977,2.051316977,1.929363966,2.075994015,1.950440049,17542060,WEMIX-USD
5/18/2022 0:00,1.729516029,1.729516029,1.729516029,2.07305789,2.054519892,32049348,WEMIX-USD
5/19/2022 0:00,1.945443034,1.945443034,1.716932058,2.016328096,1.728536963,71804652,WEMIX-USD
5/20/2022 0:00,2.125905991,2.125905991,1.940335989,2.231565952,1.946249008,75013146,WEMIX-USD
5/21/2022 0:00,3.049455881,3.049455881,2.11691308,3.049455881,2.125633955,448435812,WEMIX-USD
5/22/2022 0:00,3.110292912,3.110292912,2.869035959,3.267445087,3.037405014,252312351,WEMIX-USD
5/23/2022 0:00,3.273874998,3.273874998,2.964389086,3.473402023,3.109488964,258856081,WEMIX-USD
5/24/2022 0:00,3.347016096,3.347016096,3.006618023,3.458123922,3.273011923,169821595,WEMIX-USD
5/25/2022 0:00,4.442840099,4.442840099,3.311150074,4.504520893,3.347091913,543989131,WEMIX-USD
5/26/2022 0:00,4.472173214,4.472173214,4.018518925,4.697738171,4.441563129,558195021,WEMIX-USD
5/27/2022 0:00,4.328015804,4.328015804,4.227797031,4.550704002,4.471522808,248879367,WEMIX-USD
5/28/2022 0:00,4.153553009,4.153553009,4.027701855,4.390048981,4.295890808,99182473,WEMIX-USD
5/29/2022 0:00,4.445764065,4.445764065,3.708089113,4.455548763,4.15389204,256009293,WEMIX-USD
5/30/2022 0:00,4.636571884,4.636571884,4.371036053,4.6417799,4.444491863,239601236,WEMIX-USD
5/31/2022 0:00,4.347299099,4.347299099,4.279245853,4.651830196,4.636092186,187706801,WEMIX-USD
6/1/2022 0:00,3.92731595,3.92731595,3.826193094,4.41512394,4.347849846,296569303,WEMIX-USD
6/2/2022 0:00,3.869472027,3.869472027,3.597296,3.962862015,3.92545104,144303466,WEMIX-USD
6/3/2022 0:00,3.598429918,3.598429918,3.531780005,3.868988991,3.868988991,94346076,WEMIX-USD
6/4/2022 0:00,3.776345968,3.776345968,3.5800879,3.839886904,3.599581957,162621788,WEMIX-USD
6/5/2022 0:00,3.67245698,3.67245698,3.625546932,3.868742943,3.775844097,93502867,WEMIX-USD
6/6/2022 0:00,3.682877064,3.682877064,3.658437014,3.756793976,3.675970078,62398398,WEMIX-USD
6/7/2022 0:00,3.392857075,3.392857075,3.226447105,3.681071043,3.681071043,98700831,WEMIX-USD
6/8/2022 0:00,3.082144976,3.082144976,3.075681925,3.491909027,3.392873049,90404483,WEMIX-USD
6/9/2022 0:00,3.082427979,3.082427979,2.96816802,3.159614086,3.093574047,91569741,WEMIX-USD
6/10/2022 0:00,3.467019081,3.467019081,3.030936003,3.683481932,3.083041906,334415141,WEMIX-USD
6/11/2022 0:00,3.599555969,3.599555969,3.474324942,3.793780088,3.479820013,264691538,WEMIX-USD
6/12/2022 0:00,3.390357971,3.390357971,3.194807053,3.678580999,3.599425077,242875987,WEMIX-USD
6/13/2022 0:00,2.993443012,2.993443012,2.63338089,3.492304087,3.393812895,258546107,WEMIX-USD
6/14/2022 0:00,3.196798086,3.196798086,2.637660027,3.22845006,2.981643915,371434771,WEMIX-USD
6/15/2022 0:00,3.244024038,3.244024038,2.74082303,3.25673008,3.195545912,334967246,WEMIX-USD
6/16/2022 0:00,2.85482192,2.85482192,2.802764893,3.254659891,3.244924068,161131646,WEMIX-USD
6/17/2022 0:00,2.893117905,2.893117905,2.75367403,2.935175896,2.856822014,99047902,WEMIX-USD
6/18/2022 0:00,2.659012079,2.659012079,2.453362942,2.918556929,2.892963886,92373581,WEMIX-USD
6/19/2022 0:00,2.720904112,2.720904112,2.437129021,2.791093111,2.657874107,104389840,WEMIX-USD
6/20/2022 0:00,2.699903965,2.699903965,2.60647893,2.73538208,2.720087051,66179218,WEMIX-USD
6/21/2022 0:00,3.024347067,3.024347067,2.692717075,3.073273897,2.699997902,191464225,WEMIX-USD
6/22/2022 0:00,2.684901953,2.684901953,2.680948973,3.027801991,3.02583909,98517283,WEMIX-USD
6/23/2022 0:00,2.745279074,2.745279074,2.614207029,2.759099007,2.684050083,98758124,WEMIX-USD
6/24/2022 0:00,2.850680113,2.850680113,2.746001005,2.926878929,2.746001005,89817775,WEMIX-USD
6/25/2022 0:00,2.856121063,2.856121063,2.765604019,2.885962009,2.856827974,55801959,WEMIX-USD
6/26/2022 0:00,2.826179981,2.826179981,2.812947035,2.857572079,2.855792999,28260252,WEMIX-USD
6/27/2022 0:00,2.8123281,2.8123281,2.786254883,2.854716063,2.827970028,39132242,WEMIX-USD
6/28/2022 0:00,2.897759914,2.897759914,2.718116999,3.084826946,2.811451912,148726460,WEMIX-USD
6/29/2022 0:00,2.939887047,2.939887047,2.854665995,2.993087053,2.902270079,114355393,WEMIX-USD
6/30/2022 0:00,2.843750954,2.843750954,2.669178963,2.941654921,2.940887928,78699367,WEMIX-USD
7/1/2022 0:00,2.74850297,2.74850297,2.718724012,2.908493042,2.847174883,57858752,WEMIX-USD
7/2/2022 0:00,2.703952074,2.703952074,2.671602011,2.746911049,2.74684906,23584875,WEMIX-USD
7/3/2022 0:00,2.679114103,2.679114103,2.64440608,2.705136061,2.703768015,15274599,WEMIX-USD
7/4/2022 0:00,2.656872034,2.656872034,2.51621294,2.678141117,2.678141117,53637602,WEMIX-USD
7/5/2022 0:00,2.595340967,2.595340967,2.546468973,2.663825989,2.656960964,37467119,WEMIX-USD
7/6/2022 0:00,2.591861963,2.591861963,2.558557034,2.598155022,2.595098972,21967872,WEMIX-USD
7/7/2022 0:00,2.639286995,2.639286995,2.581815958,2.650856018,2.590398073,27938093,WEMIX-USD
7/8/2022 0:00,2.618518114,2.618518114,2.591675997,2.672353029,2.639070988,36336436,WEMIX-USD
7/9/2022 0:00,2.618711948,2.618711948,2.603121042,2.627424002,2.617582083,17791102,WEMIX-USD
7/10/2022 0:00,2.525470972,2.525470972,2.518127918,2.622811079,2.618870974,23333946,WEMIX-USD
7/11/2022 0:00,2.419684887,2.419684887,2.418848991,2.546971083,2.525576115,39175324,WEMIX-USD
7/12/2022 0:00,2.27165699,2.27165699,2.252558947,2.411331892,2.411331892,31764136,WEMIX-USD
7/13/2022 0:00,2.33487606,2.33487606,2.185034037,2.33487606,2.271395922,34501952,WEMIX-USD
7/14/2022 0:00,2.357950926,2.357950926,2.261619091,2.360271931,2.335946083,23416024,WEMIX-USD
7/15/2022 0:00,2.367727995,2.367727995,2.330184937,2.36867404,2.358226061,3196404,WEMIX-USD
7/16/2022 0:00,2.376633883,2.376633883,2.330540895,2.381278038,2.36777997,17008195,WEMIX-USD
7/17/2022 0:00,2.345144033,2.345144033,2.345144033,2.391997099,2.376862049,18017720,WEMIX-USD
7/18/2022 0:00,2.459062099,2.459062099,2.339493036,2.482717037,2.346184015,41252365,WEMIX-USD
7/19/2022 0:00,2.545032978,2.545032978,2.413070917,2.549648046,2.454966068,51326385,WEMIX-USD
7/20/2022 0:00,2.417639017,2.417639017,2.41631794,2.652523994,2.54551506,72232929,WEMIX-USD
7/21/2022 0:00,2.461066008,2.461066008,2.392760992,2.49940896,2.417798996,52174040,WEMIX-USD
7/22/2022 0:00,2.419929028,2.419929028,2.418164968,2.486648083,2.461467981,26576412,WEMIX-USD
7/23/2022 0:00,2.417524099,2.417524099,2.383866072,2.444129944,2.419744968,16602694,WEMIX-USD
7/24/2022 0:00,2.421135902,2.421135902,2.398758888,2.430645943,2.417278051,12073905,WEMIX-USD
7/25/2022 0:00,2.440011024,2.440011024,2.413399935,2.545984983,2.421072006,90036999,WEMIX-USD
7/26/2022 0:00,2.362467051,2.362467051,2.337788105,2.444847107,2.441081047,28867364,WEMIX-USD
7/27/2022 0:00,2.439441919,2.439441919,2.279658079,2.440319061,2.360824108,46660986,WEMIX-USD
7/28/2022 0:00,2.476573944,2.476573944,2.381818056,2.482543945,2.439464092,45910607,WEMIX-USD
7/29/2022 0:00,2.462022066,2.462022066,2.41663599,2.506087065,2.476568937,52807811,WEMIX-USD
7/30/2022 0:00,2.45216608,2.45216608,2.429773092,2.500536919,2.46090889,29463714,WEMIX-USD
7/31/2022 0:00,2.455600977,2.455600977,2.445871115,2.492816925,2.451370955,27466214,WEMIX-USD
8/1/2022 0:00,2.525343895,2.525343895,2.451299906,2.52875495,2.456001043,46222042,WEMIX-USD
8/2/2022 0:00,2.428689003,2.428689003,2.409883022,2.533905983,2.524872065,33553396,WEMIX-USD
8/3/2022 0:00,2.454721928,2.454721928,2.407788992,2.469839096,2.428931952,35841523,WEMIX-USD
8/4/2022 0:00,2.864176989,2.864176989,2.454862118,3.126446962,2.455764055,528609732,WEMIX-USD
8/5/2022 0:00,2.80746007,2.80746007,2.762976885,2.924695969,2.859843016,167350846,WEMIX-USD
8/6/2022 0:00,2.699615955,2.699615955,2.699371099,2.810117006,2.807550907,34002158,WEMIX-USD
8/7/2022 0:00,2.737340927,2.737340927,2.656661987,2.737637997,2.699038982,31767826,WEMIX-USD
8/8/2022 0:00,2.80705595,2.80705595,2.684290886,2.809772015,2.737924099,46817804,WEMIX-USD
8/9/2022 0:00,2.738893986,2.738893986,2.693021059,2.976653099,2.808232069,112538943,WEMIX-USD
8/10/2022 0:00,2.802180052,2.802180052,2.660604954,2.811249971,2.738977909,62505263,WEMIX-USD
8/11/2022 0:00,2.773474932,2.773474932,2.766609907,2.802023888,2.801328897,43941564,WEMIX-USD
8/12/2022 0:00,2.752996922,2.752996922,2.710036993,2.774197102,2.773401022,22982610,WEMIX-USD
8/13/2022 0:00,2.73842597,2.73842597,2.732167006,2.764863014,2.752963066,18757512,WEMIX-USD
8/14/2022 0:00,2.713357925,2.713357925,2.710319042,2.754225016,2.738460064,17548514,WEMIX-USD
8/15/2022 0:00,2.669866085,2.669866085,2.656893969,2.73593092,2.712961912,19715806,WEMIX-USD
8/16/2022 0:00,2.677330017,2.677330017,2.643618107,2.72557807,2.671041012,33862543,WEMIX-USD
8/17/2022 0:00,2.576877117,2.576877117,2.562222958,2.696712017,2.677666903,26662562,WEMIX-USD
8/18/2022 0:00,2.586200953,2.586200953,2.56614089,2.676182032,2.577491045,44081097,WEMIX-USD
8/19/2022 0:00,2.248325109,2.248325109,2.238617897,2.607527971,2.58671999,52256050,WEMIX-USD
8/20/2022 0:00,2.32730794,2.32730794,2.249044895,2.386399984,2.249044895,42961284,WEMIX-USD
8/21/2022 0:00,2.333551884,2.333551884,2.275094986,2.342762947,2.326551914,16749078,WEMIX-USD
8/22/2022 0:00,2.282521963,2.282521963,2.228681087,2.332885981,2.332885981,21968275,WEMIX-USD
8/23/2022 0:00,2.30339694,2.30339694,2.229569912,2.305346012,2.282916069,20480635,WEMIX-USD
8/24/2022 0:00,2.27854991,2.27854991,2.258806944,2.306879997,2.303406,15314445,WEMIX-USD
8/25/2022 0:00,2.30122304,2.30122304,2.276782036,2.32051301,2.278780937,25844114,WEMIX-USD
8/26/2022 0:00,2.114264011,2.114264011,2.103796959,2.302161932,2.301769972,31455558,WEMIX-USD
8/27/2022 0:00,2.087829113,2.087829113,2.040716887,2.113749981,2.113604069,18183053,WEMIX-USD
8/28/2022 0:00,2.077888012,2.077888012,2.070311069,2.147942066,2.08730197,21655952,WEMIX-USD
8/29/2022 0:00,2.112226009,2.112226009,2.062655926,2.120019913,2.079236984,21467372,WEMIX-USD
8/30/2022 0:00,2.099700928,2.099700928,2.072314978,2.139537096,2.11232996,16675669,WEMIX-USD
8/31/2022 0:00,2.102611065,2.102611065,2.093888044,2.124959946,2.100153923,12977928,WEMIX-USD
9/1/2022 0:00,2.093614101,2.093614101,2.043755054,2.112664938,2.102725983,12560356,WEMIX-USD
9/2/2022 0:00,2.077353954,2.077353954,2.065825939,2.101232052,2.093586922,10723747,WEMIX-USD
9/3/2022 0:00,2.065116882,2.065116882,2.052314997,2.076525927,2.076525927,7059167,WEMIX-USD
9/4/2022 0:00,2.06922698,2.06922698,2.051758051,2.073918104,2.065974951,6842303,WEMIX-USD
9/5/2022 0:00,2.036166906,2.036166906,2.003717899,2.071871042,2.06972909,14520886,WEMIX-USD
9/6/2022 0:00,1.952888012,1.952888012,1.945014954,2.066946983,2.035438061,17951070,WEMIX-USD
9/7/2022 0:00,1.972226977,1.972226977,1.88953197,1.992828965,1.952664971,18330780,WEMIX-USD
9/8/2022 0:00,2.012829065,2.012829065,1.95231998,2.013081074,1.972882032,15904761,WEMIX-USD
9/9/2022 0:00,2.082937002,2.082937002,2.007087946,2.090131044,2.011706114,16974798,WEMIX-USD
9/10/2022 0:00,2.102487087,2.102487087,2.063330889,2.114893913,2.08246994,17110614,WEMIX-USD
9/11/2022 0:00,2.091957092,2.091957092,2.074024916,2.127533913,2.102062941,12184790,WEMIX-USD
9/12/2022 0:00,2.11689806,2.11689806,2.071896076,2.11689806,2.091872931,13443388,WEMIX-USD
9/13/2022 0:00,1.985209942,1.985209942,1.944753051,2.224261045,2.117398024,38658576,WEMIX-USD
9/14/2022 0:00,1.96834898,1.96834898,1.934090018,1.988731027,1.954664946,14961523,WEMIX-USD
9/15/2022 0:00,1.906718016,1.906718016,1.900480986,1.968685031,1.968685031,12507830,WEMIX-USD
9/16/2022 0:00,1.887326002,1.887326002,1.87509799,1.913607001,1.907544971,10092982,WEMIX-USD
9/17/2022 0:00,1.912166953,1.912166953,1.886728048,1.914265037,1.887801051,5811281,WEMIX-USD
9/18/2022 0:00,1.835814953,1.835814953,1.805076003,2.011605024,1.912343979,44159216,WEMIX-USD
9/19/2022 0:00,1.835868001,1.835868001,1.719128966,1.860092044,1.839043021,28718619,WEMIX-USD
9/20/2022 0:00,1.767264962,1.767264962,1.758227944,1.838549972,1.835845947,16513659,WEMIX-USD
9/21/2022 0:00,1.694589019,1.694589019,1.681071043,1.806936979,1.767763972,22476081,WEMIX-USD
9/22/2022 0:00,1.740187049,1.740187049,1.680783987,1.742380977,1.693863034,13617231,WEMIX-USD
9/23/2022 0:00,1.741186976,1.741186976,1.692278028,1.791998982,1.740326047,20933708,WEMIX-USD
9/24/2022 0:00,1.733224988,1.733224988,1.721596956,1.745175004,1.740725994,8226237,WEMIX-USD
9/25/2022 0:00,1.713433981,1.713433981,1.708858967,1.742418051,1.733778954,7193220,WEMIX-USD
9/26/2022 0:00,1.753386974,1.753386974,1.70946002,1.805817962,1.714087009,41985300,WEMIX-USD
9/27/2022 0:00,1.814888954,1.814888954,1.73644495,1.877840042,1.752681017,37406558,WEMIX-USD
9/28/2022 8:54,1.879925013,1.879925013,1.814825892,1.96514976,1.814825892,94321912,WEMIX-USD
